year,season,fishery,catch,cv
1952,1,1,0,0.01
1952,2,1,0.002,0.01
1952,3,1,0.002,0.01
1952,4,1,0,0.01
1953,1,1,0.068,0.01
1953,2,1,0.014,0.01
1953,3,1,0.023,0.01
1953,4,1,0.024,0.01
1954,1,1,0.175,0.01
1954,2,1,0.328,0.01
1954,3,1,0.257,0.01
1954,4,1,0.34,0.01
1955,1,1,0.216,0.01
1955,2,1,0.228,0.01
1955,3,1,0.184,0.01
1955,4,1,0.412,0.01
1956,1,1,0.14,0.01
1956,2,1,0.201,0.01
1956,3,1,0.112,0.01
1956,4,1,0.255,0.01
1957,1,1,0.125,0.01
1957,2,1,0.098,0.01
1957,3,1,0.234,0.01
1957,4,1,0.645,0.01
1958,1,1,0.27,0.01
1958,2,1,0.241,0.01
1958,3,1,0.61,0.01
1958,4,1,1.446,0.01
1959,1,1,0.22,0.01
1959,2,1,0.264,0.01
1959,3,1,0.534,0.01
1959,4,1,0.9,0.01
1960,1,1,0.211,0.01
1960,2,1,0.495,0.01
1960,3,1,0.654,0.01
1960,4,1,0.978,0.01
1961,1,1,0.589,0.01
1961,2,1,0.423,0.01
1961,3,1,7.602,0.01
1961,4,1,0.933,0.01
1962,1,1,1.645,0.01
1962,2,1,0.47,0.01
1962,3,1,1.061,0.01
1962,4,1,1.322,0.01
1963,1,1,1.526,0.01
1963,2,1,0.767,0.01
1963,3,1,1.105,0.01
1963,4,1,1.758,0.01
1964,1,1,0.843,0.01
1964,2,1,0.588,0.01
1964,3,1,0.4,0.01
1964,4,1,0.468,0.01
1965,1,1,2.134,0.01
1965,2,1,1.537,0.01
1965,3,1,0.718,0.01
1965,4,1,0.641,0.01
1966,1,1,0.623,0.01
1966,2,1,1.634,0.01
1966,3,1,0.55,0.01
1966,4,1,0.582,0.01
1967,1,1,0.637,0.01
1967,2,1,0.479,0.01
1967,3,1,0.625,0.01
1967,4,1,0.399,0.01
1968,1,1,1.094,0.01
1968,2,1,0.608,0.01
1968,3,1,0.194,0.01
1968,4,1,0.265,0.01
1969,1,1,0.721,0.01
1969,2,1,0.366,0.01
1969,3,1,0.151,0.01
1969,4,1,0.531,0.01
1970,1,1,1.161,0.01
1970,2,1,0.53,0.01
1970,3,1,0.988,0.01
1970,4,1,1.946,0.01
1971,1,1,9.127,0.01
1971,2,1,0.616,0.01
1971,3,1,0.314,0.01
1971,4,1,0.503,0.01
1972,1,1,1.186,0.01
1972,2,1,0.299,0.01
1972,3,1,0.641,0.01
1972,4,1,0.166,0.01
1973,1,1,0.316,0.01
1973,2,1,0.432,0.01
1973,3,1,0.379,0.01
1973,4,1,0.384,0.01
1974,1,1,0.855,0.01
1974,2,1,0.888,0.01
1974,3,1,1.437,0.01
1974,4,1,0.419,0.01
1975,1,1,0.502,0.01
1975,2,1,0.64,0.01
1975,3,1,1.018,0.01
1975,4,1,0.391,0.01
1976,1,1,0.666,0.01
1976,2,1,0.667,0.01
1976,3,1,1.149,0.01
1976,4,1,0.676,0.01
1977,1,1,0.48,0.01
1977,2,1,0.417,0.01
1977,3,1,0.88,0.01
1977,4,1,0.434,0.01
1978,1,1,0.652,0.01
1978,2,1,0.324,0.01
1978,3,1,0.611,0.01
1978,4,1,0.851,0.01
1979,1,1,0.671,0.01
1979,2,1,0.343,0.01
1979,3,1,0.366,0.01
1979,4,1,1.246,0.01
1980,1,1,1.124,0.01
1980,2,1,0.65,0.01
1980,3,1,1.268,0.01
1980,4,1,1.017,0.01
1981,1,1,1.141,0.01
1981,2,1,0.67,0.01
1981,3,1,0.374,0.01
1981,4,1,1.013,0.01
1982,1,1,0.389,0.01
1982,2,1,0.296,0.01
1982,3,1,0.513,0.01
1982,4,1,0.204,0.01
1983,1,1,0.219,0.01
1983,2,1,0.071,0.01
1983,3,1,0.156,0.01
1983,4,1,0.768,0.01
1984,1,1,0.877,0.01
1984,2,1,0.654,0.01
1984,3,1,0.263,0.01
1984,4,1,0.66,0.01
1985,1,1,0.397,0.01
1985,2,1,0.316,0.01
1985,3,1,0.431,0.01
1985,4,1,0.537,0.01
1986,1,1,0.364,0.01
1986,2,1,0.377,0.01
1986,3,1,0.386,0.01
1986,4,1,0.714,0.01
1987,1,1,0.197,0.01
1987,2,1,0.056,0.01
1987,3,1,0.602,0.01
1987,4,1,0.605,0.01
1988,1,1,1.462,0.01
1988,2,1,0.823,0.01
1988,3,1,1.193,0.01
1988,4,1,2.403,0.01
1989,1,1,1.443,0.01
1989,2,1,0.436,0.01
1989,3,1,1.023,0.01
1989,4,1,1.475,0.01
1990,1,1,0.516,0.01
1990,2,1,0.352,0.01
1990,3,1,0.499,0.01
1990,4,1,1.067,0.01
1991,1,1,0.583,0.01
1991,2,1,0.236,0.01
1991,3,1,0.476,0.01
1991,4,1,0.464,0.01
1992,1,1,0.101,0.01
1992,2,1,0.089,0.01
1992,3,1,0.59,0.01
1992,4,1,2.708,0.01
1993,1,1,1.745,0.01
1993,2,1,0.406,0.01
1993,3,1,1.261,0.01
1993,4,1,1.651,0.01
1994,1,1,1.045,0.01
1994,2,1,0.761,0.01
1994,3,1,1.169,0.01
1994,4,1,1.758,0.01
1995,1,1,0.514,0.01
1995,2,1,0.382,0.01
1995,3,1,0.573,0.01
1995,4,1,0.689,0.01
1996,1,1,0.267,0.01
1996,2,1,0.315,0.01
1996,3,1,1.017,0.01
1996,4,1,0.837,0.01
1997,1,1,0.547,0.01
1997,2,1,0.408,0.01
1997,3,1,1.24,0.01
1997,4,1,0.501,0.01
1998,1,1,0.084,0.01
1998,2,1,0.259,0.01
1998,3,1,1.757,0.01
1998,4,1,0.443,0.01
1999,1,1,0.158,0.01
1999,2,1,0.391,0.01
1999,3,1,1.438,0.01
1999,4,1,0.788,0.01
2000,1,1,0.625,0.01
2000,2,1,0.45,0.01
2000,3,1,0.605,0.01
2000,4,1,0.344,0.01
2001,1,1,0.226,0.01
2001,2,1,0.098,0.01
2001,3,1,0.361,0.01
2001,4,1,0.254,0.01
2002,1,1,0.236,0.01
2002,2,1,0.193,0.01
2002,3,1,0.38,0.01
2002,4,1,0.288,0.01
2003,1,1,0.156,0.01
2003,2,1,0.201,0.01
2003,3,1,0.18,0.01
2003,4,1,0.388,0.01
2004,1,1,0.248,0.01
2004,2,1,0.173,0.01
2004,3,1,0.314,0.01
2004,4,1,0.421,0.01
2005,1,1,0.183,0.01
2005,2,1,0.105,0.01
2005,3,1,0.198,0.01
2005,4,1,0.231,0.01
2006,1,1,0.074,0.01
2006,2,1,0.126,0.01
2006,3,1,0.263,0.01
2006,4,1,0.193,0.01
2007,1,1,0.186,0.01
2007,2,1,0.102,0.01
2007,3,1,0.495,0.01
2007,4,1,0.289,0.01
2008,1,1,0.148,0.01
2008,2,1,0.153,0.01
2008,3,1,0.159,0.01
2008,4,1,0.118,0.01
2009,1,1,0.087,0.01
2009,2,1,0.081,0.01
2009,3,1,0.169,0.01
2009,4,1,0.118,0.01
2010,1,1,0.043,0.01
2010,2,1,0.204,0.01
2010,3,1,0.239,0.01
2010,4,1,0.37,0.01
2011,1,1,0.203,0.01
2011,2,1,0.116,0.01
2011,3,1,0.227,0.01
2011,4,1,0.229,0.01
2012,1,1,0.118,0.01
2012,2,1,0.22,0.01
2012,3,1,0.181,0.01
2012,4,1,0.196,0.01
2013,1,1,0.1,0.01
2013,2,1,0.225,0.01
2013,3,1,0.274,0.01
2013,4,1,0.094,0.01
2014,1,1,0.05,0.01
2014,2,1,0.071,0.01
2014,3,1,0.242,0.01
2014,4,1,0.072,0.01
2015,1,1,0.056,0.01
2015,2,1,0.065,0.01
2015,3,1,0.078,0.01
2015,4,1,0.062,0.01
2016,1,1,0.048,0.01
2016,2,1,0.142,0.01
2016,3,1,0.054,0.01
2016,4,1,0.101,0.01
2017,1,1,0.045,0.01
2017,2,1,0.119,0.01
2017,3,1,0.163,0.01
2017,4,1,0.062,0.01
2018,1,1,0.062,0.01
2018,2,1,0.1,0.01
2018,3,1,0.19,0.01
2018,4,1,0.102,0.01
2019,1,1,0.017,0.01
2019,2,1,0.08,0.01
2019,3,1,0.075,0.01
2019,4,1,0.017,0.01
2020,1,1,0.019,0.01
2020,2,1,0.021,0.01
2020,3,1,0.026,0.01
2020,4,1,0.012,0.01
2021,1,1,0.016,0.01
2021,2,1,0.045,0.01
2021,3,1,0.046,0.01
2021,4,1,0.008,0.01
2022,1,1,0.039,0.01
2022,2,1,0.088,0.01
2022,3,1,0.076,0.01
2022,4,1,0.058,0.01
1952,1,2,0,0.01
1952,2,2,0,0.01
1952,3,2,0,0.01
1952,4,2,0,0.01
1953,1,2,0,0.01
1953,2,2,0,0.01
1953,3,2,0,0.01
1953,4,2,0,0.01
1954,1,2,0,0.01
1954,2,2,0,0.01
1954,3,2,0,0.01
1954,4,2,0,0.01
1955,1,2,0,0.01
1955,2,2,0,0.01
1955,3,2,0,0.01
1955,4,2,0,0.01
1956,1,2,0,0.01
1956,2,2,0,0.01
1956,3,2,0,0.01
1956,4,2,0,0.01
1957,1,2,0,0.01
1957,2,2,0,0.01
1957,3,2,0,0.01
1957,4,2,0,0.01
1958,1,2,0,0.01
1958,2,2,0,0.01
1958,3,2,0,0.01
1958,4,2,0,0.01
1959,1,2,0,0.01
1959,2,2,0,0.01
1959,3,2,0,0.01
1959,4,2,0,0.01
1960,1,2,0,0.01
1960,2,2,0,0.01
1960,3,2,0,0.01
1960,4,2,0,0.01
1961,1,2,0,0.01
1961,2,2,0,0.01
1961,3,2,0,0.01
1961,4,2,0,0.01
1962,1,2,0,0.01
1962,2,2,0,0.01
1962,3,2,0,0.01
1962,4,2,0,0.01
1963,1,2,0,0.01
1963,2,2,0,0.01
1963,3,2,0,0.01
1963,4,2,0,0.01
1964,1,2,0,0.01
1964,2,2,0,0.01
1964,3,2,0,0.01
1964,4,2,0,0.01
1965,1,2,0,0.01
1965,2,2,0,0.01
1965,3,2,0,0.01
1965,4,2,0,0.01
1966,1,2,0,0.01
1966,2,2,0,0.01
1966,3,2,0,0.01
1966,4,2,0,0.01
1967,1,2,0,0.01
1967,2,2,0,0.01
1967,3,2,0,0.01
1967,4,2,0,0.01
1968,1,2,0,0.01
1968,2,2,0,0.01
1968,3,2,0,0.01
1968,4,2,0,0.01
1969,1,2,0,0.01
1969,2,2,0,0.01
1969,3,2,0,0.01
1969,4,2,0,0.01
1970,1,2,0,0.01
1970,2,2,0,0.01
1970,3,2,0,0.01
1970,4,2,0,0.01
1971,1,2,0,0.01
1971,2,2,0,0.01
1971,3,2,0,0.01
1971,4,2,0,0.01
1972,1,2,0,0.01
1972,2,2,0,0.01
1972,3,2,0,0.01
1972,4,2,0,0.01
1973,1,2,0,0.01
1973,2,2,0,0.01
1973,3,2,0,0.01
1973,4,2,0,0.01
1974,1,2,0,0.01
1974,2,2,0,0.01
1974,3,2,0,0.01
1974,4,2,0,0.01
1975,1,2,0,0.01
1975,2,2,0,0.01
1975,3,2,0,0.01
1975,4,2,0,0.01
1976,1,2,0,0.01
1976,2,2,0,0.01
1976,3,2,0,0.01
1976,4,2,0,0.01
1977,1,2,0,0.01
1977,2,2,0,0.01
1977,3,2,0,0.01
1977,4,2,0,0.01
1978,1,2,0,0.01
1978,2,2,0,0.01
1978,3,2,0,0.01
1978,4,2,0,0.01
1979,1,2,1.69,0.01
1979,2,2,0.189,0.01
1979,3,2,2.756,0.01
1979,4,2,5.497,0.01
1980,1,2,0.821,0.01
1980,2,2,0.094,0.01
1980,3,2,1.025,0.01
1980,4,2,5.46,0.01
1981,1,2,0.922,0.01
1981,2,2,0.329,0.01
1981,3,2,4.123,0.01
1981,4,2,7.216,0.01
1982,1,2,2.656,0.01
1982,2,2,0.501,0.01
1982,3,2,5.204,0.01
1982,4,2,8.994,0.01
1983,1,2,2.17,0.01
1983,2,2,0.035,0.01
1983,3,2,2.447,0.01
1983,4,2,2.909,0.01
1984,1,2,0.901,0.01
1984,2,2,0.234,0.01
1984,3,2,4.366,0.01
1984,4,2,2.282,0.01
1985,1,2,0.892,0.01
1985,2,2,0.327,0.01
1985,3,2,5.139,0.01
1985,4,2,2.083,0.01
1986,1,2,0.439,0.01
1986,2,2,0.194,0.01
1986,3,2,2.771,0.01
1986,4,2,1.834,0.01
1987,1,2,0.147,0.01
1987,2,2,0.185,0.01
1987,3,2,2.502,0.01
1987,4,2,1.036,0.01
1988,1,2,0.594,0.01
1988,2,2,0.464,0.01
1988,3,2,3.964,0.01
1988,4,2,1.109,0.01
1989,1,2,0.453,0.01
1989,2,2,0.543,0.01
1989,3,2,7.361,0.01
1989,4,2,4.966,0.01
1990,1,2,1.066,0.01
1990,2,2,0.145,0.01
1990,3,2,4.211,0.01
1990,4,2,3.399,0.01
1991,1,2,0.42,0.01
1991,2,2,0.106,0.01
1991,3,2,2.694,0.01
1991,4,2,2.474,0.01
1992,1,2,0.32,0.01
1992,2,2,0.015,0.01
1992,3,2,2.322,0.01
1992,4,2,0.11,0.01
1993,1,2,0.287,0.01
1993,2,2,0.269,0.01
1993,3,2,2.064,0.01
1993,4,2,0.087,0.01
1994,1,2,0.863,0.01
1994,2,2,1.03,0.01
1994,3,2,2.521,0.01
1994,4,2,0.479,0.01
1995,1,2,0.568,0.01
1995,2,2,1.264,0.01
1995,3,2,2.47,0.01
1995,4,2,0.482,0.01
1996,1,2,1.67,0.01
1996,2,2,0.765,0.01
1996,3,2,2.201,0.01
1996,4,2,0.165,0.01
1997,1,2,0.221,0.01
1997,2,2,0.21,0.01
1997,3,2,3.314,0.01
1997,4,2,0.003,0.01
1998,1,2,3.941,0.01
1998,2,2,2.108,0.01
1998,3,2,2.31,0.01
1998,4,2,1.33,0.01
1999,1,2,1.78,0.01
1999,2,2,0.512,0.01
1999,3,2,0.754,0.01
1999,4,2,0.043,0.01
2000,1,2,0.271,0.01
2000,2,2,0.105,0.01
2000,3,2,0.024,0.01
2000,4,2,0.138,0.01
2001,1,2,0.019,0.01
2001,2,2,0.338,0.01
2001,3,2,0.885,0.01
2001,4,2,0.907,0.01
2002,1,2,0.497,0.01
2002,2,2,0.076,0.01
2002,3,2,0.492,0.01
2002,4,2,0.023,0.01
2003,1,2,0.131,0.01
2003,2,2,0.067,0.01
2003,3,2,1.916,0.01
2003,4,2,0.588,0.01
2004,1,2,0.581,0.01
2004,2,2,0.1,0.01
2004,3,2,0.468,0.01
2004,4,2,0.117,0.01
2005,1,2,0.206,0.01
2005,2,2,0.034,0.01
2005,3,2,0.478,0.01
2005,4,2,0.105,0.01
2006,1,2,0.117,0.01
2006,2,2,0.286,0.01
2006,3,2,0.293,0.01
2006,4,2,0.02,0.01
2007,1,2,0.032,0.01
2007,2,2,0.109,0.01
2007,3,2,0.124,0.01
2007,4,2,0.016,0.01
2008,1,2,0.004,0.01
2008,2,2,0.004,0.01
2008,3,2,0.497,0.01
2008,4,2,0.01,0.01
2009,1,2,0.008,0.01
2009,2,2,0.048,0.01
2009,3,2,0.2,0.01
2009,4,2,0.007,0.01
2010,1,2,0,0.01
2010,2,2,0.029,0.01
2010,3,2,0.044,0.01
2010,4,2,0.041,0.01
2011,1,2,0.018,0.01
2011,2,2,0.187,0.01
2011,3,2,0.206,0.01
2011,4,2,0.072,0.01
2012,1,2,0.028,0.01
2012,2,2,0.139,0.01
2012,3,2,0.033,0.01
2012,4,2,0.199,0.01
2013,1,2,0.048,0.01
2013,2,2,0.093,0.01
2013,3,2,0.204,0.01
2013,4,2,0,0.01
2014,1,2,0.02,0.01
2014,2,2,0.166,0.01
2014,3,2,0.402,0.01
2014,4,2,0.192,0.01
2015,1,2,0.016,0.01
2015,2,2,0.109,0.01
2015,3,2,0.335,0.01
2015,4,2,0,0.01
2016,1,2,0.011,0.01
2016,2,2,0.063,0.01
2016,3,2,0.154,0.01
2016,4,2,0.052,0.01
2017,1,2,0.043,0.01
2017,2,2,0.008,0.01
2017,3,2,0.091,0.01
2017,4,2,0.011,0.01
2018,1,2,0.035,0.01
2018,2,2,0.01,0.01
2018,3,2,0.059,0.01
2018,4,2,0,0.01
2019,1,2,0,0.01
2019,2,2,0.035,0.01
2019,3,2,0.13,0.01
2019,4,2,0.005,0.01
2020,1,2,0.001,0.01
2020,2,2,0.096,0.01
2020,3,2,0.177,0.01
2020,4,2,0,0.01
2021,1,2,0,0.01
2021,2,2,0.052,0.01
2021,3,2,0.253,0.01
2021,4,2,0.057,0.01
2022,1,2,0.002,0.01
2022,2,2,0.115,0.01
2022,3,2,0.136,0.01
2022,4,2,0,0.01
1952,1,3,0,0.01
1952,2,3,0,0.01
1952,3,3,0,0.01
1952,4,3,0.005,0.01
1953,1,3,0,0.01
1953,2,3,0,0.01
1953,3,3,0,0.01
1953,4,3,0,0.01
1954,1,3,0,0.01
1954,2,3,0,0.01
1954,3,3,0,0.01
1954,4,3,0,0.01
1955,1,3,0.078,0.01
1955,2,3,0,0.01
1955,3,3,0,0.01
1955,4,3,0,0.01
1956,1,3,0,0.01
1956,2,3,0,0.01
1956,3,3,0.028,0.01
1956,4,3,0.182,0.01
1957,1,3,0,0.01
1957,2,3,0,0.01
1957,3,3,0.014,0.01
1957,4,3,0.197,0.01
1958,1,3,0.259,0.01
1958,2,3,0,0.01
1958,3,3,0.179,0.01
1958,4,3,0.081,0.01
1959,1,3,0,0.01
1959,2,3,0.007,0.01
1959,3,3,0.207,0.01
1959,4,3,0.081,0.01
1960,1,3,0,0.01
1960,2,3,0.019,0.01
1960,3,3,0.04,0.01
1960,4,3,0.006,0.01
1961,1,3,0,0.01
1961,2,3,0.005,0.01
1961,3,3,0.22,0.01
1961,4,3,0.015,0.01
1962,1,3,0,0.01
1962,2,3,0.008,0.01
1962,3,3,0.112,0.01
1962,4,3,0.042,0.01
1963,1,3,0,0.01
1963,2,3,1.985,0.01
1963,3,3,1.468,0.01
1963,4,3,0.473,0.01
1964,1,3,0.022,0.01
1964,2,3,0.656,0.01
1964,3,3,1.42,0.01
1964,4,3,0.267,0.01
1965,1,3,0.074,0.01
1965,2,3,1.738,0.01
1965,3,3,0.481,0.01
1965,4,3,0.274,0.01
1966,1,3,0.279,0.01
1966,2,3,1.294,0.01
1966,3,3,0.53,0.01
1966,4,3,0.321,0.01
1967,1,3,0.14,0.01
1967,2,3,0.757,0.01
1967,3,3,0.305,0.01
1967,4,3,0.12,0.01
1968,1,3,0.063,0.01
1968,2,3,1.822,0.01
1968,3,3,0.287,0.01
1968,4,3,0.026,0.01
1969,1,3,2.515,0.01
1969,2,3,0.654,0.01
1969,3,3,0.345,0.01
1969,4,3,0.112,0.01
1970,1,3,1.846,0.01
1970,2,3,1.691,0.01
1970,3,3,0.421,0.01
1970,4,3,1.246,0.01
1971,1,3,6.422,0.01
1971,2,3,1.106,0.01
1971,3,3,0.961,0.01
1971,4,3,0.404,0.01
1972,1,3,5.495,0.01
1972,2,3,1.205,0.01
1972,3,3,0.3,0.01
1972,4,3,0.151,0.01
1973,1,3,4.052,0.01
1973,2,3,1.268,0.01
1973,3,3,0.81,0.01
1973,4,3,0.824,0.01
1974,1,3,5.44,0.01
1974,2,3,0.918,0.01
1974,3,3,0.502,0.01
1974,4,3,0.358,0.01
1975,1,3,3.405,0.01
1975,2,3,0.888,0.01
1975,3,3,0.072,0.01
1975,4,3,0.016,0.01
1976,1,3,4.816,0.01
1976,2,3,0.452,0.01
1976,3,3,0.693,0.01
1976,4,3,0.158,0.01
1977,1,3,1.027,0.01
1977,2,3,0.296,0.01
1977,3,3,0.006,0.01
1977,4,3,0.005,0.01
1978,1,3,0.656,0.01
1978,2,3,0.668,0.01
1978,3,3,0.122,0.01
1978,4,3,0.093,0.01
1979,1,3,0.106,0.01
1979,2,3,1.139,0.01
1979,3,3,0.371,0.01
1979,4,3,0.085,0.01
1980,1,3,0.516,0.01
1980,2,3,0.444,0.01
1980,3,3,0.163,0.01
1980,4,3,0.042,0.01
1981,1,3,1.67,0.01
1981,2,3,1.146,0.01
1981,3,3,0.594,0.01
1981,4,3,0.067,0.01
1982,1,3,2.42,0.01
1982,2,3,1.604,0.01
1982,3,3,0.526,0.01
1982,4,3,0.016,0.01
1983,1,3,1.816,0.01
1983,2,3,0.901,0.01
1983,3,3,0.557,0.01
1983,4,3,0.199,0.01
1984,1,3,1.605,0.01
1984,2,3,1.352,0.01
1984,3,3,0.564,0.01
1984,4,3,0,0.01
1985,1,3,0.522,0.01
1985,2,3,0.934,0.01
1985,3,3,0.451,0.01
1985,4,3,0.016,0.01
1986,1,3,0.823,0.01
1986,2,3,1.213,0.01
1986,3,3,0.677,0.01
1986,4,3,0.197,0.01
1987,1,3,1.308,0.01
1987,2,3,1.003,0.01
1987,3,3,1.222,0.01
1987,4,3,0,0.01
1988,1,3,0.397,0.01
1988,2,3,2.397,0.01
1988,3,3,0.862,0.01
1988,4,3,0.013,0.01
1989,1,3,0.384,0.01
1989,2,3,3.361,0.01
1989,3,3,0.92,0.01
1989,4,3,0.005,0.01
1990,1,3,0.573,0.01
1990,2,3,0.591,0.01
1990,3,3,0.88,0.01
1990,4,3,0,0.01
1991,1,3,0.422,0.01
1991,2,3,1.125,0.01
1991,3,3,0.64,0.01
1991,4,3,0,0.01
1992,1,3,0.291,0.01
1992,2,3,1.094,0.01
1992,3,3,0.408,0.01
1992,4,3,0,0.01
1993,1,3,0.965,0.01
1993,2,3,3.016,0.01
1993,3,3,1.088,0.01
1993,4,3,0,0.01
1994,1,3,2.081,0.01
1994,2,3,3.027,0.01
1994,3,3,0.609,0.01
1994,4,3,0,0.01
1995,1,3,2.316,0.01
1995,2,3,4.014,0.01
1995,3,3,0.679,0.01
1995,4,3,0.017,0.01
1996,1,3,1.88,0.01
1996,2,3,2.183,0.01
1996,3,3,0.673,0.01
1996,4,3,0,0.01
1997,1,3,1.688,0.01
1997,2,3,1.558,0.01
1997,3,3,0.485,0.01
1997,4,3,0.015,0.01
1998,1,3,0.947,0.01
1998,2,3,1.968,0.01
1998,3,3,0.562,0.01
1998,4,3,0.032,0.01
1999,1,3,0.321,0.01
1999,2,3,0.782,0.01
1999,3,3,0.312,0.01
1999,4,3,0,0.01
2000,1,3,0.904,0.01
2000,2,3,0.561,0.01
2000,3,3,0.146,0.01
2000,4,3,0.039,0.01
2001,1,3,0.356,0.01
2001,2,3,0.559,0.01
2001,3,3,0.339,0.01
2001,4,3,0.151,0.01
2002,1,3,0.277,0.01
2002,2,3,0.112,0.01
2002,3,3,0.189,0.01
2002,4,3,0,0.01
2003,1,3,0.529,0.01
2003,2,3,0.244,0.01
2003,3,3,0.372,0.01
2003,4,3,0.157,0.01
2004,1,3,0.356,0.01
2004,2,3,0.234,0.01
2004,3,3,0.469,0.01
2004,4,3,0.072,0.01
2005,1,3,0.087,0.01
2005,2,3,0.154,0.01
2005,3,3,0.226,0.01
2005,4,3,0.01,0.01
2006,1,3,0.439,0.01
2006,2,3,0.385,0.01
2006,3,3,0.031,0.01
2006,4,3,0.003,0.01
2007,1,3,0.325,0.01
2007,2,3,0.366,0.01
2007,3,3,0.095,0.01
2007,4,3,0.061,0.01
2008,1,3,0.259,0.01
2008,2,3,0.435,0.01
2008,3,3,0.119,0.01
2008,4,3,0.021,0.01
2009,1,3,0.84,0.01
2009,2,3,0.327,0.01
2009,3,3,0.159,0.01
2009,4,3,0.007,0.01
2010,1,3,1.385,0.01
2010,2,3,0.392,0.01
2010,3,3,0.074,0.01
2010,4,3,0,0.01
2011,1,3,1.189,0.01
2011,2,3,0.35,0.01
2011,3,3,0.346,0.01
2011,4,3,0.083,0.01
2012,1,3,0.706,0.01
2012,2,3,0.198,0.01
2012,3,3,0.192,0.01
2012,4,3,0.018,0.01
2013,1,3,0.99,0.01
2013,2,3,0.114,0.01
2013,3,3,0.115,0.01
2013,4,3,0,0.01
2014,1,3,0.201,0.01
2014,2,3,0.103,0.01
2014,3,3,0.114,0.01
2014,4,3,0.005,0.01
2015,1,3,0.057,0.01
2015,2,3,0.278,0.01
2015,3,3,0.126,0.01
2015,4,3,0.032,0.01
2016,1,3,0.074,0.01
2016,2,3,0.173,0.01
2016,3,3,0.187,0.01
2016,4,3,0.019,0.01
2017,1,3,0.007,0.01
2017,2,3,0.046,0.01
2017,3,3,0.065,0.01
2017,4,3,0,0.01
2018,1,3,0.05,0.01
2018,2,3,0.017,0.01
2018,3,3,0.09,0.01
2018,4,3,0,0.01
2019,1,3,0.003,0.01
2019,2,3,0.024,0.01
2019,3,3,0.04,0.01
2019,4,3,0,0.01
2020,1,3,0.015,0.01
2020,2,3,0.021,0.01
2020,3,3,0.029,0.01
2020,4,3,0,0.01
2021,1,3,0.012,0.01
2021,2,3,0.031,0.01
2021,3,3,0.062,0.01
2021,4,3,0,0.01
2022,1,3,0.092,0.01
2022,2,3,0.103,0.01
2022,3,3,0.035,0.01
2022,4,3,0,0.01
1952,1,4,0,0.01
1952,2,4,0,0.01
1952,3,4,0,0.01
1952,4,4,0,0.01
1953,1,4,0,0.01
1953,2,4,0,0.01
1953,3,4,0,0.01
1953,4,4,0,0.01
1954,1,4,0,0.01
1954,2,4,0,0.01
1954,3,4,0,0.01
1954,4,4,0.022,0.01
1955,1,4,0.016,0.01
1955,2,4,0.019,0.01
1955,3,4,1.435,0.01
1955,4,4,1.857,0.01
1956,1,4,0.021,0.01
1956,2,4,0,0.01
1956,3,4,1.641,0.01
1956,4,4,2.235,0.01
1957,1,4,0.027,0.01
1957,2,4,0,0.01
1957,3,4,0.341,0.01
1957,4,4,0.715,0.01
1958,1,4,0.163,0.01
1958,2,4,0,0.01
1958,3,4,1.45,0.01
1958,4,4,3.118,0.01
1959,1,4,0.839,0.01
1959,2,4,0.032,0.01
1959,3,4,0.252,0.01
1959,4,4,0.364,0.01
1960,1,4,0.009,0.01
1960,2,4,0.282,0.01
1960,3,4,0.614,0.01
1960,4,4,0.239,0.01
1961,1,4,0.007,0.01
1961,2,4,0,0.01
1961,3,4,0.126,0.01
1961,4,4,0.996,0.01
1962,1,4,0.022,0.01
1962,2,4,0.223,0.01
1962,3,4,3.499,0.01
1962,4,4,1.298,0.01
1963,1,4,0.28,0.01
1963,2,4,1.135,0.01
1963,3,4,2.632,0.01
1963,4,4,1.226,0.01
1964,1,4,0.196,0.01
1964,2,4,0.318,0.01
1964,3,4,1.152,0.01
1964,4,4,1.01,0.01
1965,1,4,0.065,0.01
1965,2,4,0.038,0.01
1965,3,4,1.796,0.01
1965,4,4,1.959,0.01
1966,1,4,0.092,0.01
1966,2,4,0.203,0.01
1966,3,4,2.054,0.01
1966,4,4,0.674,0.01
1967,1,4,0.158,0.01
1967,2,4,1.367,0.01
1967,3,4,1.246,0.01
1967,4,4,1.649,0.01
1968,1,4,0.218,0.01
1968,2,4,0.232,0.01
1968,3,4,0.674,0.01
1968,4,4,0.637,0.01
1969,1,4,0.091,0.01
1969,2,4,0.203,0.01
1969,3,4,0.427,0.01
1969,4,4,0.626,0.01
1970,1,4,0.215,0.01
1970,2,4,0.211,0.01
1970,3,4,2.039,0.01
1970,4,4,1.367,0.01
1971,1,4,0.024,0.01
1971,2,4,0.035,0.01
1971,3,4,0.211,0.01
1971,4,4,0.054,0.01
1972,1,4,0,0.01
1972,2,4,0,0.01
1972,3,4,0.428,0.01
1972,4,4,0.252,0.01
1973,1,4,0,0.01
1973,2,4,0,0.01
1973,3,4,0.039,0.01
1973,4,4,0.152,0.01
1974,1,4,0,0.01
1974,2,4,0,0.01
1974,3,4,0.173,0.01
1974,4,4,0.321,0.01
1975,1,4,0.001,0.01
1975,2,4,0,0.01
1975,3,4,0.025,0.01
1975,4,4,0.058,0.01
1976,1,4,0.022,0.01
1976,2,4,0.006,0.01
1976,3,4,0.06,0.01
1976,4,4,1.706,0.01
1977,1,4,0,0.01
1977,2,4,0,0.01
1977,3,4,0.095,0.01
1977,4,4,0.16,0.01
1978,1,4,0,0.01
1978,2,4,0,0.01
1978,3,4,0.171,0.01
1978,4,4,0.49,0.01
1979,1,4,0,0.01
1979,2,4,0,0.01
1979,3,4,0,0.01
1979,4,4,0.075,0.01
1980,1,4,0.003,0.01
1980,2,4,0,0.01
1980,3,4,0,0.01
1980,4,4,0,0.01
1981,1,4,0.012,0.01
1981,2,4,0,0.01
1981,3,4,0,0.01
1981,4,4,0,0.01
1982,1,4,0,0.01
1982,2,4,0.093,0.01
1982,3,4,0,0.01
1982,4,4,0.004,0.01
1983,1,4,0,0.01
1983,2,4,0,0.01
1983,3,4,0,0.01
1983,4,4,0,0.01
1984,1,4,0,0.01
1984,2,4,0,0.01
1984,3,4,0,0.01
1984,4,4,0,0.01
1985,1,4,0,0.01
1985,2,4,0,0.01
1985,3,4,0,0.01
1985,4,4,0,0.01
1986,1,4,0,0.01
1986,2,4,0,0.01
1986,3,4,0,0.01
1986,4,4,0.006,0.01
1987,1,4,0,0.01
1987,2,4,0,0.01
1987,3,4,0,0.01
1987,4,4,0.391,0.01
1988,1,4,0,0.01
1988,2,4,0,0.01
1988,3,4,0.014,0.01
1988,4,4,0,0.01
1989,1,4,0,0.01
1989,2,4,0.218,0.01
1989,3,4,0.093,0.01
1989,4,4,0.266,0.01
1990,1,4,0,0.01
1990,2,4,0,0.01
1990,3,4,0,0.01
1990,4,4,0.005,0.01
1991,1,4,0,0.01
1991,2,4,0,0.01
1991,3,4,0,0.01
1991,4,4,0.009,0.01
1992,1,4,0,0.01
1992,2,4,0.001,0.01
1992,3,4,0.084,0.01
1992,4,4,0.044,0.01
1993,1,4,0,0.01
1993,2,4,0,0.01
1993,3,4,0,0.01
1993,4,4,0.003,0.01
1994,1,4,0,0.01
1994,2,4,0,0.01
1994,3,4,0,0.01
1994,4,4,0,0.01
1995,1,4,0,0.01
1995,2,4,0,0.01
1995,3,4,0,0.01
1995,4,4,0,0.01
1996,1,4,0,0.01
1996,2,4,0,0.01
1996,3,4,0,0.01
1996,4,4,0,0.01
1997,1,4,0,0.01
1997,2,4,0,0.01
1997,3,4,0,0.01
1997,4,4,0,0.01
1998,1,4,0,0.01
1998,2,4,0,0.01
1998,3,4,0.058,0.01
1998,4,4,0,0.01
1999,1,4,0,0.01
1999,2,4,0.022,0.01
1999,3,4,1.01,0.01
1999,4,4,0.016,0.01
2000,1,4,0,0.01
2000,2,4,0,0.01
2000,3,4,0,0.01
2000,4,4,0,0.01
2001,1,4,0.001,0.01
2001,2,4,0,0.01
2001,3,4,0.017,0.01
2001,4,4,0.008,0.01
2002,1,4,0,0.01
2002,2,4,0,0.01
2002,3,4,0,0.01
2002,4,4,0,0.01
2003,1,4,0,0.01
2003,2,4,0,0.01
2003,3,4,0.026,0.01
2003,4,4,0,0.01
2004,1,4,0,0.01
2004,2,4,0,0.01
2004,3,4,0.001,0.01
2004,4,4,0,0.01
2005,1,4,0,0.01
2005,2,4,0,0.01
2005,3,4,0,0.01
2005,4,4,0,0.01
2006,1,4,0,0.01
2006,2,4,0,0.01
2006,3,4,0.012,0.01
2006,4,4,0.003,0.01
2007,1,4,0,0.01
2007,2,4,0,0.01
2007,3,4,0.006,0.01
2007,4,4,0,0.01
2008,1,4,0,0.01
2008,2,4,0,0.01
2008,3,4,0,0.01
2008,4,4,0,0.01
2009,1,4,0,0.01
2009,2,4,0,0.01
2009,3,4,0,0.01
2009,4,4,0,0.01
2010,1,4,0,0.01
2010,2,4,0,0.01
2010,3,4,0,0.01
2010,4,4,0,0.01
2011,1,4,0,0.01
2011,2,4,0,0.01
2011,3,4,0,0.01
2011,4,4,0.027,0.01
2012,1,4,0,0.01
2012,2,4,0,0.01
2012,3,4,0.098,0.01
2012,4,4,0,0.01
2013,1,4,0,0.01
2013,2,4,0,0.01
2013,3,4,0,0.01
2013,4,4,0,0.01
2014,1,4,0,0.01
2014,2,4,0,0.01
2014,3,4,0,0.01
2014,4,4,0,0.01
2015,1,4,0,0.01
2015,2,4,0,0.01
2015,3,4,0.002,0.01
2015,4,4,0,0.01
2016,1,4,0,0.01
2016,2,4,0,0.01
2016,3,4,0.001,0.01
2016,4,4,0,0.01
2017,1,4,0,0.01
2017,2,4,0,0.01
2017,3,4,0,0.01
2017,4,4,0,0.01
2018,1,4,0,0.01
2018,2,4,0,0.01
2018,3,4,0.012,0.01
2018,4,4,0,0.01
2019,1,4,0,0.01
2019,2,4,0,0.01
2019,3,4,0,0.01
2019,4,4,0,0.01
2020,1,4,0,0.01
2020,2,4,0,0.01
2020,3,4,0.005,0.01
2020,4,4,0,0.01
2021,1,4,0,0.01
2021,2,4,0,0.01
2021,3,4,0,0.01
2021,4,4,0,0.01
2022,1,4,0,0.01
2022,2,4,0,0.01
2022,3,4,0.006,0.01
2022,4,4,0,0.01
1952,1,5,0,0.01
1952,2,5,0,0.01
1952,3,5,0,0.01
1952,4,5,0,0.01
1953,1,5,0,0.01
1953,2,5,0,0.01
1953,3,5,0,0.01
1953,4,5,0,0.01
1954,1,5,0,0.01
1954,2,5,0,0.01
1954,3,5,0,0.01
1954,4,5,0,0.01
1955,1,5,0,0.01
1955,2,5,0,0.01
1955,3,5,0,0.01
1955,4,5,0,0.01
1956,1,5,0,0.01
1956,2,5,0,0.01
1956,3,5,0,0.01
1956,4,5,0,0.01
1957,1,5,0,0.01
1957,2,5,0,0.01
1957,3,5,0,0.01
1957,4,5,0,0.01
1958,1,5,0,0.01
1958,2,5,0,0.01
1958,3,5,0,0.01
1958,4,5,0,0.01
1959,1,5,0,0.01
1959,2,5,0,0.01
1959,3,5,0,0.01
1959,4,5,0,0.01
1960,1,5,0,0.01
1960,2,5,0,0.01
1960,3,5,0,0.01
1960,4,5,0,0.01
1961,1,5,0,0.01
1961,2,5,0,0.01
1961,3,5,0,0.01
1961,4,5,0,0.01
1962,1,5,0,0.01
1962,2,5,0,0.01
1962,3,5,0,0.01
1962,4,5,0,0.01
1963,1,5,0,0.01
1963,2,5,0,0.01
1963,3,5,0,0.01
1963,4,5,0,0.01
1964,1,5,0,0.01
1964,2,5,0,0.01
1964,3,5,0,0.01
1964,4,5,0,0.01
1965,1,5,0,0.01
1965,2,5,0,0.01
1965,3,5,0,0.01
1965,4,5,0,0.01
1966,1,5,0,0.01
1966,2,5,0,0.01
1966,3,5,0,0.01
1966,4,5,0,0.01
1967,1,5,0.006,0.01
1967,2,5,0.449,0.01
1967,3,5,0.291,0.01
1967,4,5,0.313,0.01
1968,1,5,0.219,0.01
1968,2,5,0.341,0.01
1968,3,5,0.301,0.01
1968,4,5,0.063,0.01
1969,1,5,0.018,0.01
1969,2,5,0.059,0.01
1969,3,5,0,0.01
1969,4,5,0.059,0.01
1970,1,5,0.012,0.01
1970,2,5,0.024,0.01
1970,3,5,0.479,0.01
1970,4,5,0.061,0.01
1971,1,5,0.017,0.01
1971,2,5,0.21,0.01
1971,3,5,0.477,0.01
1971,4,5,0.583,0.01
1972,1,5,0.194,0.01
1972,2,5,0.053,0.01
1972,3,5,0.384,0.01
1972,4,5,0.228,0.01
1973,1,5,0.123,0.01
1973,2,5,0.319,0.01
1973,3,5,0.443,0.01
1973,4,5,0.076,0.01
1974,1,5,0.037,0.01
1974,2,5,0.44,0.01
1974,3,5,1.018,0.01
1974,4,5,0.709,0.01
1975,1,5,0.153,0.01
1975,2,5,0.28,0.01
1975,3,5,0.091,0.01
1975,4,5,0.049,0.01
1976,1,5,0.02,0.01
1976,2,5,0.104,0.01
1976,3,5,0.324,0.01
1976,4,5,0.3,0.01
1977,1,5,0.054,0.01
1977,2,5,0.197,0.01
1977,3,5,0.342,0.01
1977,4,5,0.312,0.01
1978,1,5,0.054,0.01
1978,2,5,0.306,0.01
1978,3,5,0.335,0.01
1978,4,5,0.007,0.01
1979,1,5,0.039,0.01
1979,2,5,0.157,0.01
1979,3,5,0.266,0.01
1979,4,5,0.039,0.01
1980,1,5,0.036,0.01
1980,2,5,0.15,0.01
1980,3,5,0.691,0.01
1980,4,5,0.01,0.01
1981,1,5,0.02,0.01
1981,2,5,0.331,0.01
1981,3,5,0.192,0.01
1981,4,5,0.054,0.01
1982,1,5,0.04,0.01
1982,2,5,0.176,0.01
1982,3,5,0.411,0.01
1982,4,5,0.015,0.01
1983,1,5,0.045,0.01
1983,2,5,0.137,0.01
1983,3,5,0.146,0.01
1983,4,5,0.024,0.01
1984,1,5,0.012,0.01
1984,2,5,0.257,0.01
1984,3,5,0.288,0.01
1984,4,5,0.017,0.01
1985,1,5,0.015,0.01
1985,2,5,0.079,0.01
1985,3,5,0.091,0.01
1985,4,5,0.076,0.01
1986,1,5,0.182,0.01
1986,2,5,0.026,0.01
1986,3,5,0.037,0.01
1986,4,5,0.009,0.01
1987,1,5,0.007,0.01
1987,2,5,0.114,0.01
1987,3,5,0.07,0.01
1987,4,5,0,0.01
1988,1,5,0.055,0.01
1988,2,5,0.083,0.01
1988,3,5,0.204,0.01
1988,4,5,0.054,0.01
1989,1,5,0.277,0.01
1989,2,5,0.11,0.01
1989,3,5,0.671,0.01
1989,4,5,0.015,0.01
1990,1,5,0.025,0.01
1990,2,5,0.012,0.01
1990,3,5,0.629,0.01
1990,4,5,0,0.01
1991,1,5,0,0.01
1991,2,5,0.313,0.01
1991,3,5,1.041,0.01
1991,4,5,0.124,0.01
1992,1,5,0.376,0.01
1992,2,5,0.369,0.01
1992,3,5,0.33,0.01
1992,4,5,0.809,0.01
1993,1,5,0.627,0.01
1993,2,5,0.577,0.01
1993,3,5,0.367,0.01
1993,4,5,0.64,0.01
1994,1,5,1.426,0.01
1994,2,5,1.081,0.01
1994,3,5,0.905,0.01
1994,4,5,0.558,0.01
1995,1,5,0.026,0.01
1995,2,5,0.047,0.01
1995,3,5,0.032,0.01
1995,4,5,0.053,0.01
1996,1,5,0.179,0.01
1996,2,5,0.136,0.01
1996,3,5,0.134,0.01
1996,4,5,0.048,0.01
1997,1,5,0.025,0.01
1997,2,5,0.108,0.01
1997,3,5,0.179,0.01
1997,4,5,0.092,0.01
1998,1,5,0.074,0.01
1998,2,5,0.223,0.01
1998,3,5,0.027,0.01
1998,4,5,0.095,0.01
1999,1,5,0.056,0.01
1999,2,5,0.52,0.01
1999,3,5,0.116,0.01
1999,4,5,0.056,0.01
2000,1,5,0.193,0.01
2000,2,5,0.31,0.01
2000,3,5,0.294,0.01
2000,4,5,0.004,0.01
2001,1,5,0,0.01
2001,2,5,0.14,0.01
2001,3,5,0.109,0.01
2001,4,5,0.031,0.01
2002,1,5,0.041,0.01
2002,2,5,0.231,0.01
2002,3,5,0.257,0.01
2002,4,5,0.264,0.01
2003,1,5,0.349,0.01
2003,2,5,1.465,0.01
2003,3,5,1.577,0.01
2003,4,5,0.437,0.01
2004,1,5,0.202,0.01
2004,2,5,1.14,0.01
2004,3,5,1.456,0.01
2004,4,5,0.056,0.01
2005,1,5,0.058,0.01
2005,2,5,0.283,0.01
2005,3,5,0.309,0.01
2005,4,5,0.048,0.01
2006,1,5,0.017,0.01
2006,2,5,0.13,0.01
2006,3,5,0.161,0.01
2006,4,5,0.013,0.01
2007,1,5,0,0.01
2007,2,5,0.099,0.01
2007,3,5,0.198,0.01
2007,4,5,0.056,0.01
2008,1,5,0.032,0.01
2008,2,5,0.117,0.01
2008,3,5,0.166,0.01
2008,4,5,0.04,0.01
2009,1,5,0.23,0.01
2009,2,5,0.066,0.01
2009,3,5,0.12,0.01
2009,4,5,0.002,0.01
2010,1,5,0.027,0.01
2010,2,5,0.131,0.01
2010,3,5,0.173,0.01
2010,4,5,0.036,0.01
2011,1,5,0.001,0.01
2011,2,5,0.132,0.01
2011,3,5,0.441,0.01
2011,4,5,0.06,0.01
2012,1,5,0.109,0.01
2012,2,5,0.194,0.01
2012,3,5,0.08,0.01
2012,4,5,0.015,0.01
2013,1,5,0.002,0.01
2013,2,5,0.06,0.01
2013,3,5,0.055,0.01
2013,4,5,0.027,0.01
2014,1,5,0.002,0.01
2014,2,5,0.038,0.01
2014,3,5,0.112,0.01
2014,4,5,0.004,0.01
2015,1,5,0,0.01
2015,2,5,0.112,0.01
2015,3,5,0.068,0.01
2015,4,5,0.017,0.01
2016,1,5,0,0.01
2016,2,5,0.071,0.01
2016,3,5,0.228,0.01
2016,4,5,0.03,0.01
2017,1,5,0,0.01
2017,2,5,0.166,0.01
2017,3,5,0.537,0.01
2017,4,5,0.014,0.01
2018,1,5,0,0.01
2018,2,5,0.119,0.01
2018,3,5,0.208,0.01
2018,4,5,0.033,0.01
2019,1,5,0.002,0.01
2019,2,5,0.092,0.01
2019,3,5,0.478,0.01
2019,4,5,0.064,0.01
2020,1,5,0.008,0.01
2020,2,5,0.134,0.01
2020,3,5,0.614,0.01
2020,4,5,0.212,0.01
2021,1,5,0.036,0.01
2021,2,5,0.233,0.01
2021,3,5,0.452,0.01
2021,4,5,0.035,0.01
2022,1,5,0.072,0.01
2022,2,5,0.363,0.01
2022,3,5,0.571,0.01
2022,4,5,0.033,0.01
1952,1,6,0,0.01
1952,2,6,0,0.01
1952,3,6,0,0.01
1952,4,6,0,0.01
1953,1,6,0,0.01
1953,2,6,0,0.01
1953,3,6,0,0.01
1953,4,6,0,0.01
1954,1,6,0,0.01
1954,2,6,0,0.01
1954,3,6,0,0.01
1954,4,6,0,0.01
1955,1,6,0,0.01
1955,2,6,0,0.01
1955,3,6,0,0.01
1955,4,6,0,0.01
1956,1,6,0,0.01
1956,2,6,0,0.01
1956,3,6,0,0.01
1956,4,6,0,0.01
1957,1,6,0,0.01
1957,2,6,0,0.01
1957,3,6,0,0.01
1957,4,6,0,0.01
1958,1,6,0,0.01
1958,2,6,0,0.01
1958,3,6,0,0.01
1958,4,6,0,0.01
1959,1,6,0,0.01
1959,2,6,0,0.01
1959,3,6,0,0.01
1959,4,6,0,0.01
1960,1,6,0,0.01
1960,2,6,0,0.01
1960,3,6,0,0.01
1960,4,6,0,0.01
1961,1,6,0,0.01
1961,2,6,0,0.01
1961,3,6,0,0.01
1961,4,6,0,0.01
1962,1,6,0,0.01
1962,2,6,0,0.01
1962,3,6,0,0.01
1962,4,6,0,0.01
1963,1,6,0,0.01
1963,2,6,0,0.01
1963,3,6,0,0.01
1963,4,6,0,0.01
1964,1,6,0,0.01
1964,2,6,0,0.01
1964,3,6,0,0.01
1964,4,6,0,0.01
1965,1,6,0,0.01
1965,2,6,0,0.01
1965,3,6,0,0.01
1965,4,6,0,0.01
1966,1,6,0,0.01
1966,2,6,0,0.01
1966,3,6,0,0.01
1966,4,6,0,0.01
1967,1,6,0,0.01
1967,2,6,0,0.01
1967,3,6,0,0.01
1967,4,6,0,0.01
1968,1,6,0,0.01
1968,2,6,0,0.01
1968,3,6,0,0.01
1968,4,6,0,0.01
1969,1,6,0,0.01
1969,2,6,0,0.01
1969,3,6,0,0.01
1969,4,6,0,0.01
1970,1,6,0,0.01
1970,2,6,0,0.01
1970,3,6,0,0.01
1970,4,6,0,0.01
1971,1,6,0,0.01
1971,2,6,0,0.01
1971,3,6,0,0.01
1971,4,6,0,0.01
1972,1,6,0,0.01
1972,2,6,0,0.01
1972,3,6,0,0.01
1972,4,6,0,0.01
1973,1,6,0,0.01
1973,2,6,0,0.01
1973,3,6,0,0.01
1973,4,6,0,0.01
1974,1,6,0,0.01
1974,2,6,0,0.01
1974,3,6,0,0.01
1974,4,6,0,0.01
1975,1,6,0,0.01
1975,2,6,0,0.01
1975,3,6,0,0.01
1975,4,6,0,0.01
1976,1,6,0,0.01
1976,2,6,0,0.01
1976,3,6,0,0.01
1976,4,6,0,0.01
1977,1,6,0,0.01
1977,2,6,0,0.01
1977,3,6,0,0.01
1977,4,6,0,0.01
1978,1,6,0,0.01
1978,2,6,0,0.01
1978,3,6,0,0.01
1978,4,6,0,0.01
1979,1,6,0,0.01
1979,2,6,0,0.01
1979,3,6,0,0.01
1979,4,6,0,0.01
1980,1,6,0,0.01
1980,2,6,0,0.01
1980,3,6,0,0.01
1980,4,6,0,0.01
1981,1,6,0,0.01
1981,2,6,0,0.01
1981,3,6,0,0.01
1981,4,6,0,0.01
1982,1,6,0,0.01
1982,2,6,0,0.01
1982,3,6,0,0.01
1982,4,6,0,0.01
1983,1,6,0,0.01
1983,2,6,0,0.01
1983,3,6,0,0.01
1983,4,6,0,0.01
1984,1,6,0,0.01
1984,2,6,0,0.01
1984,3,6,0,0.01
1984,4,6,0,0.01
1985,1,6,0,0.01
1985,2,6,0,0.01
1985,3,6,0,0.01
1985,4,6,0,0.01
1986,1,6,0,0.01
1986,2,6,0,0.01
1986,3,6,0,0.01
1986,4,6,0,0.01
1987,1,6,0,0.01
1987,2,6,0.004,0.01
1987,3,6,0.251,0.01
1987,4,6,0.362,0.01
1988,1,6,0,0.01
1988,2,6,0.019,0.01
1988,3,6,0.472,0.01
1988,4,6,0.182,0.01
1989,1,6,0,0.01
1989,2,6,0.005,0.01
1989,3,6,0.104,0.01
1989,4,6,0.03,0.01
1990,1,6,0,0.01
1990,2,6,0.008,0.01
1990,3,6,0.098,0.01
1990,4,6,0.714,0.01
1991,1,6,0.169,0.01
1991,2,6,0.002,0.01
1991,3,6,0.024,0.01
1991,4,6,0.145,0.01
1992,1,6,0.084,0.01
1992,2,6,0.002,0.01
1992,3,6,0.04,0.01
1992,4,6,0.008,0.01
1993,1,6,0.022,0.01
1993,2,6,0.011,0.01
1993,3,6,0.034,0.01
1993,4,6,0.036,0.01
1994,1,6,0.214,0.01
1994,2,6,0.036,0.01
1994,3,6,0.12,0.01
1994,4,6,0.015,0.01
1995,1,6,0.085,0.01
1995,2,6,0.079,0.01
1995,3,6,0.241,0.01
1995,4,6,0.077,0.01
1996,1,6,0.028,0.01
1996,2,6,0.068,0.01
1996,3,6,0.269,0.01
1996,4,6,0.56,0.01
1997,1,6,0.129,0.01
1997,2,6,0.158,0.01
1997,3,6,0.39,0.01
1997,4,6,0.979,0.01
1998,1,6,0.742,0.01
1998,2,6,0.231,0.01
1998,3,6,1.164,0.01
1998,4,6,3.617,0.01
1999,1,6,0.665,0.01
1999,2,6,0.452,0.01
1999,3,6,1.299,0.01
1999,4,6,3.216,0.01
2000,1,6,0.86,0.01
2000,2,6,0.402,0.01
2000,3,6,1.433,0.01
2000,4,6,3.733,0.01
2001,1,6,1.343,0.01
2001,2,6,0.558,0.01
2001,3,6,1.809,0.01
2001,4,6,4.483,0.01
2002,1,6,0.811,0.01
2002,2,6,0.599,0.01
2002,3,6,1.412,0.01
2002,4,6,2.587,0.01
2003,1,6,1.109,0.01
2003,2,6,1.347,0.01
2003,3,6,2.032,0.01
2003,4,6,2.701,0.01
2004,1,6,0.437,0.01
2004,2,6,0.656,0.01
2004,3,6,1.005,0.01
2004,4,6,1.971,0.01
2005,1,6,0.464,0.01
2005,2,6,0.417,0.01
2005,3,6,0.899,0.01
2005,4,6,1.844,0.01
2006,1,6,0.51,0.01
2006,2,6,0.757,0.01
2006,3,6,0.892,0.01
2006,4,6,1.379,0.01
2007,1,6,0.414,0.01
2007,2,6,0.339,0.01
2007,3,6,0.567,0.01
2007,4,6,1.076,0.01
2008,1,6,0.294,0.01
2008,2,6,0.631,0.01
2008,3,6,0.812,0.01
2008,4,6,1.54,0.01
2009,1,6,0.223,0.01
2009,2,6,0.322,0.01
2009,3,6,0.62,0.01
2009,4,6,1.069,0.01
2010,1,6,0.135,0.01
2010,2,6,0.127,0.01
2010,3,6,0.359,0.01
2010,4,6,0.673,0.01
2011,1,6,0.15,0.01
2011,2,6,0.291,0.01
2011,3,6,0.511,0.01
2011,4,6,1.004,0.01
2012,1,6,0.158,0.01
2012,2,6,0.25,0.01
2012,3,6,0.551,0.01
2012,4,6,0.774,0.01
2013,1,6,0.076,0.01
2013,2,6,0.295,0.01
2013,3,6,0.563,0.01
2013,4,6,0.728,0.01
2014,1,6,0.229,0.01
2014,2,6,0.335,0.01
2014,3,6,0.531,0.01
2014,4,6,0.951,0.01
2015,1,6,0.242,0.01
2015,2,6,0.464,0.01
2015,3,6,0.918,0.01
2015,4,6,1.384,0.01
2016,1,6,0.213,0.01
2016,2,6,0.362,0.01
2016,3,6,0.462,0.01
2016,4,6,0.742,0.01
2017,1,6,0.386,0.01
2017,2,6,0.266,0.01
2017,3,6,0.611,0.01
2017,4,6,1.249,0.01
2018,1,6,0.262,0.01
2018,2,6,0.171,0.01
2018,3,6,0.401,0.01
2018,4,6,0.943,0.01
2019,1,6,0.144,0.01
2019,2,6,0.243,0.01
2019,3,6,0.537,0.01
2019,4,6,1.058,0.01
2020,1,6,0.187,0.01
2020,2,6,0.266,0.01
2020,3,6,0.36,0.01
2020,4,6,0.785,0.01
2021,1,6,0.173,0.01
2021,2,6,0.233,0.01
2021,3,6,0.422,0.01
2021,4,6,0.856,0.01
2022,1,6,0.232,0.01
2022,2,6,0.327,0.01
2022,3,6,0.542,0.01
2022,4,6,1.345,0.01
1952,1,7,0,0.01
1952,2,7,0,0.01
1952,3,7,0,0.01
1952,4,7,0,0.01
1953,1,7,0,0.01
1953,2,7,0,0.01
1953,3,7,0,0.01
1953,4,7,0,0.01
1954,1,7,0,0.01
1954,2,7,0,0.01
1954,3,7,0,0.01
1954,4,7,0,0.01
1955,1,7,0,0.01
1955,2,7,0,0.01
1955,3,7,0,0.01
1955,4,7,0,0.01
1956,1,7,0,0.01
1956,2,7,0,0.01
1956,3,7,0,0.01
1956,4,7,0,0.01
1957,1,7,0,0.01
1957,2,7,0,0.01
1957,3,7,0,0.01
1957,4,7,0,0.01
1958,1,7,0,0.01
1958,2,7,0,0.01
1958,3,7,0,0.01
1958,4,7,0,0.01
1959,1,7,0,0.01
1959,2,7,0,0.01
1959,3,7,0,0.01
1959,4,7,0,0.01
1960,1,7,0,0.01
1960,2,7,0,0.01
1960,3,7,0,0.01
1960,4,7,0,0.01
1961,1,7,0,0.01
1961,2,7,0,0.01
1961,3,7,0,0.01
1961,4,7,0,0.01
1962,1,7,0,0.01
1962,2,7,0,0.01
1962,3,7,0,0.01
1962,4,7,0,0.01
1963,1,7,0,0.01
1963,2,7,0,0.01
1963,3,7,0,0.01
1963,4,7,0,0.01
1964,1,7,0,0.01
1964,2,7,0,0.01
1964,3,7,0,0.01
1964,4,7,0,0.01
1965,1,7,0,0.01
1965,2,7,0,0.01
1965,3,7,0,0.01
1965,4,7,0,0.01
1966,1,7,0,0.01
1966,2,7,0,0.01
1966,3,7,0,0.01
1966,4,7,0,0.01
1967,1,7,0,0.01
1967,2,7,0,0.01
1967,3,7,0,0.01
1967,4,7,0,0.01
1968,1,7,0,0.01
1968,2,7,0,0.01
1968,3,7,0,0.01
1968,4,7,0,0.01
1969,1,7,0,0.01
1969,2,7,0,0.01
1969,3,7,0,0.01
1969,4,7,0,0.01
1970,1,7,0,0.01
1970,2,7,0,0.01
1970,3,7,0,0.01
1970,4,7,0,0.01
1971,1,7,0,0.01
1971,2,7,0,0.01
1971,3,7,0,0.01
1971,4,7,0,0.01
1972,1,7,0,0.01
1972,2,7,0,0.01
1972,3,7,0,0.01
1972,4,7,0,0.01
1973,1,7,0,0.01
1973,2,7,0,0.01
1973,3,7,0,0.01
1973,4,7,0,0.01
1974,1,7,0,0.01
1974,2,7,0,0.01
1974,3,7,0,0.01
1974,4,7,0,0.01
1975,1,7,0,0.01
1975,2,7,0,0.01
1975,3,7,0,0.01
1975,4,7,0,0.01
1976,1,7,0,0.01
1976,2,7,0,0.01
1976,3,7,0,0.01
1976,4,7,0,0.01
1977,1,7,0,0.01
1977,2,7,0,0.01
1977,3,7,0,0.01
1977,4,7,0,0.01
1978,1,7,0,0.01
1978,2,7,0,0.01
1978,3,7,0,0.01
1978,4,7,0,0.01
1979,1,7,0,0.01
1979,2,7,0,0.01
1979,3,7,0,0.01
1979,4,7,0,0.01
1980,1,7,0,0.01
1980,2,7,0,0.01
1980,3,7,0,0.01
1980,4,7,0,0.01
1981,1,7,0,0.01
1981,2,7,0,0.01
1981,3,7,0,0.01
1981,4,7,0,0.01
1982,1,7,0,0.01
1982,2,7,0,0.01
1982,3,7,0,0.01
1982,4,7,0,0.01
1983,1,7,0,0.01
1983,2,7,0,0.01
1983,3,7,0,0.01
1983,4,7,0,0.01
1984,1,7,0,0.01
1984,2,7,0,0.01
1984,3,7,0,0.01
1984,4,7,0,0.01
1985,1,7,0,0.01
1985,2,7,0,0.01
1985,3,7,0,0.01
1985,4,7,0,0.01
1986,1,7,0,0.01
1986,2,7,0,0.01
1986,3,7,0,0.01
1986,4,7,0,0.01
1987,1,7,0.088,0.01
1987,2,7,0.056,0.01
1987,3,7,0.08,0.01
1987,4,7,0.032,0.01
1988,1,7,0.083,0.01
1988,2,7,0.108,0.01
1988,3,7,0.055,0.01
1988,4,7,0.041,0.01
1989,1,7,0.019,0.01
1989,2,7,0.06,0.01
1989,3,7,0.128,0.01
1989,4,7,0.008,0.01
1990,1,7,0.016,0.01
1990,2,7,0.016,0.01
1990,3,7,0.027,0.01
1990,4,7,0.02,0.01
1991,1,7,0.04,0.01
1991,2,7,0.092,0.01
1991,3,7,0.046,0.01
1991,4,7,0.046,0.01
1992,1,7,0.086,0.01
1992,2,7,0.069,0.01
1992,3,7,0.057,0.01
1992,4,7,0.072,0.01
1993,1,7,0.082,0.01
1993,2,7,0.143,0.01
1993,3,7,0.039,0.01
1993,4,7,0.078,0.01
1994,1,7,0.326,0.01
1994,2,7,0.145,0.01
1994,3,7,0.219,0.01
1994,4,7,0.061,0.01
1995,1,7,0.465,0.01
1995,2,7,0.277,0.01
1995,3,7,0.145,0.01
1995,4,7,0.09,0.01
1996,1,7,0.273,0.01
1996,2,7,0.48,0.01
1996,3,7,0.357,0.01
1996,4,7,0.408,0.01
1997,1,7,0.586,0.01
1997,2,7,0.514,0.01
1997,3,7,0.281,0.01
1997,4,7,0.358,0.01
1998,1,7,0.904,0.01
1998,2,7,0.585,0.01
1998,3,7,0.32,0.01
1998,4,7,0.865,0.01
1999,1,7,0.895,0.01
1999,2,7,1.164,0.01
1999,3,7,0.715,0.01
1999,4,7,0.819,0.01
2000,1,7,1.473,0.01
2000,2,7,1.211,0.01
2000,3,7,0.358,0.01
2000,4,7,0.767,0.01
2001,1,7,1.199,0.01
2001,2,7,1.035,0.01
2001,3,7,0.467,0.01
2001,4,7,0.377,0.01
2002,1,7,1.559,0.01
2002,2,7,0.582,0.01
2002,3,7,0.374,0.01
2002,4,7,0.551,0.01
2003,1,7,1.126,0.01
2003,2,7,0.598,0.01
2003,3,7,0.435,0.01
2003,4,7,0.576,0.01
2004,1,7,0.994,0.01
2004,2,7,0.889,0.01
2004,3,7,0.375,0.01
2004,4,7,0.236,0.01
2005,1,7,0.761,0.01
2005,2,7,0.722,0.01
2005,3,7,0.099,0.01
2005,4,7,0.217,0.01
2006,1,7,1.629,0.01
2006,2,7,0.422,0.01
2006,3,7,0.063,0.01
2006,4,7,0.151,0.01
2007,1,7,0.449,0.01
2007,2,7,0.701,0.01
2007,3,7,0.077,0.01
2007,4,7,0.154,0.01
2008,1,7,0.644,0.01
2008,2,7,0.316,0.01
2008,3,7,0.136,0.01
2008,4,7,0.058,0.01
2009,1,7,0.821,0.01
2009,2,7,0.307,0.01
2009,3,7,0.16,0.01
2009,4,7,0.07,0.01
2010,1,7,0.578,0.01
2010,2,7,0.456,0.01
2010,3,7,0.165,0.01
2010,4,7,0.208,0.01
2011,1,7,0.543,0.01
2011,2,7,0.416,0.01
2011,3,7,0.189,0.01
2011,4,7,0.23,0.01
2012,1,7,0.499,0.01
2012,2,7,0.249,0.01
2012,3,7,0.09,0.01
2012,4,7,0.097,0.01
2013,1,7,0.421,0.01
2013,2,7,0.22,0.01
2013,3,7,0.063,0.01
2013,4,7,0.073,0.01
2014,1,7,0.309,0.01
2014,2,7,0.265,0.01
2014,3,7,0.118,0.01
2014,4,7,0.106,0.01
2015,1,7,0.487,0.01
2015,2,7,0.26,0.01
2015,3,7,0.063,0.01
2015,4,7,0.179,0.01
2016,1,7,0.27,0.01
2016,2,7,0.348,0.01
2016,3,7,0.181,0.01
2016,4,7,0.223,0.01
2017,1,7,0.168,0.01
2017,2,7,0.237,0.01
2017,3,7,0.15,0.01
2017,4,7,0.133,0.01
2018,1,7,0.341,0.01
2018,2,7,0.348,0.01
2018,3,7,0.131,0.01
2018,4,7,0.137,0.01
2019,1,7,0.3,0.01
2019,2,7,0.365,0.01
2019,3,7,0.079,0.01
2019,4,7,0.036,0.01
2020,1,7,0.234,0.01
2020,2,7,0.193,0.01
2020,3,7,0.071,0.01
2020,4,7,0.119,0.01
2021,1,7,0.375,0.01
2021,2,7,0.364,0.01
2021,3,7,0.027,0.01
2021,4,7,0.056,0.01
2022,1,7,0.205,0.01
2022,2,7,0.365,0.01
2022,3,7,0.195,0.01
2022,4,7,0.141,0.01
1952,1,8,0,0.01
1952,2,8,0,0.01
1952,3,8,0,0.01
1952,4,8,0,0.01
1953,1,8,0,0.01
1953,2,8,0,0.01
1953,3,8,0,0.01
1953,4,8,0,0.01
1954,1,8,0,0.01
1954,2,8,0,0.01
1954,3,8,0,0.01
1954,4,8,0,0.01
1955,1,8,0,0.01
1955,2,8,0,0.01
1955,3,8,0,0.01
1955,4,8,0,0.01
1956,1,8,0,0.01
1956,2,8,0,0.01
1956,3,8,0,0.01
1956,4,8,0,0.01
1957,1,8,0,0.01
1957,2,8,0,0.01
1957,3,8,0,0.01
1957,4,8,0,0.01
1958,1,8,0,0.01
1958,2,8,0,0.01
1958,3,8,0,0.01
1958,4,8,0,0.01
1959,1,8,0,0.01
1959,2,8,0,0.01
1959,3,8,0,0.01
1959,4,8,0,0.01
1960,1,8,0,0.01
1960,2,8,0,0.01
1960,3,8,0,0.01
1960,4,8,0,0.01
1961,1,8,0,0.01
1961,2,8,0,0.01
1961,3,8,0,0.01
1961,4,8,0,0.01
1962,1,8,0,0.01
1962,2,8,0,0.01
1962,3,8,0,0.01
1962,4,8,0,0.01
1963,1,8,0,0.01
1963,2,8,0,0.01
1963,3,8,0,0.01
1963,4,8,0,0.01
1964,1,8,0,0.01
1964,2,8,0,0.01
1964,3,8,0,0.01
1964,4,8,0,0.01
1965,1,8,0,0.01
1965,2,8,0,0.01
1965,3,8,0,0.01
1965,4,8,0,0.01
1966,1,8,0,0.01
1966,2,8,0,0.01
1966,3,8,0,0.01
1966,4,8,0,0.01
1967,1,8,0,0.01
1967,2,8,0,0.01
1967,3,8,0,0.01
1967,4,8,0,0.01
1968,1,8,0,0.01
1968,2,8,0,0.01
1968,3,8,0,0.01
1968,4,8,0,0.01
1969,1,8,0,0.01
1969,2,8,0,0.01
1969,3,8,0,0.01
1969,4,8,0,0.01
1970,1,8,0,0.01
1970,2,8,0,0.01
1970,3,8,0,0.01
1970,4,8,0,0.01
1971,1,8,0,0.01
1971,2,8,0,0.01
1971,3,8,0,0.01
1971,4,8,0,0.01
1972,1,8,0,0.01
1972,2,8,0,0.01
1972,3,8,0,0.01
1972,4,8,0,0.01
1973,1,8,0,0.01
1973,2,8,0,0.01
1973,3,8,0,0.01
1973,4,8,0,0.01
1974,1,8,0,0.01
1974,2,8,0,0.01
1974,3,8,0,0.01
1974,4,8,0,0.01
1975,1,8,0,0.01
1975,2,8,0,0.01
1975,3,8,0,0.01
1975,4,8,0,0.01
1976,1,8,0,0.01
1976,2,8,0,0.01
1976,3,8,0,0.01
1976,4,8,0,0.01
1977,1,8,0,0.01
1977,2,8,0,0.01
1977,3,8,0,0.01
1977,4,8,0,0.01
1978,1,8,0,0.01
1978,2,8,0,0.01
1978,3,8,0,0.01
1978,4,8,0,0.01
1979,1,8,0,0.01
1979,2,8,0,0.01
1979,3,8,0,0.01
1979,4,8,0,0.01
1980,1,8,0,0.01
1980,2,8,0,0.01
1980,3,8,0,0.01
1980,4,8,0,0.01
1981,1,8,0,0.01
1981,2,8,0,0.01
1981,3,8,0,0.01
1981,4,8,0,0.01
1982,1,8,0,0.01
1982,2,8,0,0.01
1982,3,8,0,0.01
1982,4,8,0,0.01
1983,1,8,0,0.01
1983,2,8,0,0.01
1983,3,8,0,0.01
1983,4,8,0,0.01
1984,1,8,0,0.01
1984,2,8,0,0.01
1984,3,8,0,0.01
1984,4,8,0,0.01
1985,1,8,0,0.01
1985,2,8,0,0.01
1985,3,8,0,0.01
1985,4,8,0,0.01
1986,1,8,0,0.01
1986,2,8,0,0.01
1986,3,8,0,0.01
1986,4,8,0,0.01
1987,1,8,0,0.01
1987,2,8,0,0.01
1987,3,8,0,0.01
1987,4,8,0,0.01
1988,1,8,0,0.01
1988,2,8,0,0.01
1988,3,8,0,0.01
1988,4,8,0,0.01
1989,1,8,0,0.01
1989,2,8,0,0.01
1989,3,8,0,0.01
1989,4,8,0,0.01
1990,1,8,0,0.01
1990,2,8,0.386,0.01
1990,3,8,0,0.01
1990,4,8,0,0.01
1991,1,8,0,0.01
1991,2,8,0,0.01
1991,3,8,0.001,0.01
1991,4,8,0,0.01
1992,1,8,0,0.01
1992,2,8,0,0.01
1992,3,8,0,0.01
1992,4,8,0,0.01
1993,1,8,0.007,0.01
1993,2,8,0,0.01
1993,3,8,0.001,0.01
1993,4,8,0,0.01
1994,1,8,0.05,0.01
1994,2,8,0.014,0.01
1994,3,8,0,0.01
1994,4,8,0,0.01
1995,1,8,0.147,0.01
1995,2,8,0.07,0.01
1995,3,8,0.002,0.01
1995,4,8,0.061,0.01
1996,1,8,0.627,0.01
1996,2,8,0.037,0.01
1996,3,8,0.002,0.01
1996,4,8,0.114,0.01
1997,1,8,0.348,0.01
1997,2,8,0.131,0.01
1997,3,8,0.003,0.01
1997,4,8,0.02,0.01
1998,1,8,0.504,0.01
1998,2,8,0.118,0.01
1998,3,8,0.045,0.01
1998,4,8,0.063,0.01
1999,1,8,2.194,0.01
1999,2,8,0.441,0.01
1999,3,8,0.04,0.01
1999,4,8,0.152,0.01
2000,1,8,0.763,0.01
2000,2,8,0.164,0.01
2000,3,8,0.069,0.01
2000,4,8,0.012,0.01
2001,1,8,0.632,0.01
2001,2,8,0.123,0.01
2001,3,8,0.069,0.01
2001,4,8,0.015,0.01
2002,1,8,0.286,0.01
2002,2,8,0.032,0.01
2002,3,8,0.01,0.01
2002,4,8,0.007,0.01
2003,1,8,0.102,0.01
2003,2,8,0.111,0.01
2003,3,8,0.071,0.01
2003,4,8,0.007,0.01
2004,1,8,0.531,0.01
2004,2,8,0.098,0.01
2004,3,8,0.035,0.01
2004,4,8,0,0.01
2005,1,8,0.267,0.01
2005,2,8,0.159,0.01
2005,3,8,0.023,0.01
2005,4,8,0.006,0.01
2006,1,8,0.201,0.01
2006,2,8,0.049,0.01
2006,3,8,0.002,0.01
2006,4,8,0.003,0.01
2007,1,8,0.009,0.01
2007,2,8,0.007,0.01
2007,3,8,0,0.01
2007,4,8,0,0.01
2008,1,8,0.288,0.01
2008,2,8,0.032,0.01
2008,3,8,0.026,0.01
2008,4,8,0,0.01
2009,1,8,0.18,0.01
2009,2,8,0.077,0.01
2009,3,8,0.023,0.01
2009,4,8,0.004,0.01
2010,1,8,0.197,0.01
2010,2,8,0.037,0.01
2010,3,8,0.004,0.01
2010,4,8,0.002,0.01
2011,1,8,0.323,0.01
2011,2,8,0.099,0.01
2011,3,8,0.028,0.01
2011,4,8,0.003,0.01
2012,1,8,0.27,0.01
2012,2,8,0.01,0.01
2012,3,8,0.022,0.01
2012,4,8,0.001,0.01
2013,1,8,0.184,0.01
2013,2,8,0.069,0.01
2013,3,8,0.005,0.01
2013,4,8,0.001,0.01
2014,1,8,0.218,0.01
2014,2,8,0.08,0.01
2014,3,8,0.01,0.01
2014,4,8,0.029,0.01
2015,1,8,0.443,0.01
2015,2,8,0.117,0.01
2015,3,8,0.002,0.01
2015,4,8,0.002,0.01
2016,1,8,0.423,0.01
2016,2,8,0.182,0.01
2016,3,8,0.026,0.01
2016,4,8,0,0.01
2017,1,8,0.186,0.01
2017,2,8,0.076,0.01
2017,3,8,0.006,0.01
2017,4,8,0.001,0.01
2018,1,8,0.167,0.01
2018,2,8,0.052,0.01
2018,3,8,0.014,0.01
2018,4,8,0.004,0.01
2019,1,8,0.059,0.01
2019,2,8,0.008,0.01
2019,3,8,0.004,0.01
2019,4,8,0.004,0.01
2020,1,8,0.045,0.01
2020,2,8,0.033,0.01
2020,3,8,0.012,0.01
2020,4,8,0,0.01
2021,1,8,0.45,0.01
2021,2,8,0.037,0.01
2021,3,8,0.001,0.01
2021,4,8,0,0.01
2022,1,8,0.075,0.01
2022,2,8,0.01,0.01
2022,3,8,0.002,0.01
2022,4,8,0.035,0.01
1952,1,9,0.001,0.01
1952,2,9,0,0.01
1952,3,9,0,0.01
1952,4,9,0,0.01
1953,1,9,0.004,0.01
1953,2,9,0,0.01
1953,3,9,0,0.01
1953,4,9,0,0.01
1954,1,9,0.003,0.01
1954,2,9,0,0.01
1954,3,9,0,0.01
1954,4,9,0,0.01
1955,1,9,0,0.01
1955,2,9,0,0.01
1955,3,9,0,0.01
1955,4,9,0,0.01
1956,1,9,0.002,0.01
1956,2,9,0,0.01
1956,3,9,0,0.01
1956,4,9,0,0.01
1957,1,9,0,0.01
1957,2,9,0,0.01
1957,3,9,0,0.01
1957,4,9,0,0.01
1958,1,9,0,0.01
1958,2,9,0,0.01
1958,3,9,0,0.01
1958,4,9,0,0.01
1959,1,9,0.004,0.01
1959,2,9,0,0.01
1959,3,9,0,0.01
1959,4,9,0,0.01
1960,1,9,0.005,0.01
1960,2,9,0,0.01
1960,3,9,0,0.01
1960,4,9,0,0.01
1961,1,9,0.005,0.01
1961,2,9,0,0.01
1961,3,9,0,0.01
1961,4,9,0,0.01
1962,1,9,0.003,0.01
1962,2,9,0,0.01
1962,3,9,0,0.01
1962,4,9,0,0.01
1963,1,9,0.004,0.01
1963,2,9,0,0.01
1963,3,9,0,0.01
1963,4,9,0,0.01
1964,1,9,0.006,0.01
1964,2,9,0,0.01
1964,3,9,0,0.01
1964,4,9,0,0.01
1965,1,9,0.003,0.01
1965,2,9,0,0.01
1965,3,9,0,0.01
1965,4,9,0,0.01
1966,1,9,0.002,0.01
1966,2,9,0,0.01
1966,3,9,0,0.01
1966,4,9,0,0.01
1967,1,9,0.004,0.01
1967,2,9,0,0.01
1967,3,9,0,0.01
1967,4,9,0,0.01
1968,1,9,0.007,0.01
1968,2,9,0,0.01
1968,3,9,0,0.01
1968,4,9,0,0.01
1969,1,9,0.004,0.01
1969,2,9,0,0.01
1969,3,9,0,0.01
1969,4,9,0,0.01
1970,1,9,0.001,0.01
1970,2,9,0,0.01
1970,3,9,0,0.01
1970,4,9,0,0.01
1971,1,9,0.007,0.01
1971,2,9,0,0.01
1971,3,9,0,0.01
1971,4,9,0,0.01
1972,1,9,0.003,0.01
1972,2,9,0,0.01
1972,3,9,0,0.01
1972,4,9,0,0.01
1973,1,9,0.001,0.01
1973,2,9,0,0.01
1973,3,9,0,0.01
1973,4,9,0,0.01
1974,1,9,0.015,0.01
1974,2,9,0,0.01
1974,3,9,0,0.01
1974,4,9,0,0.01
1975,1,9,0.008,0.01
1975,2,9,0,0.01
1975,3,9,0,0.01
1975,4,9,0,0.01
1976,1,9,0.008,0.01
1976,2,9,0,0.01
1976,3,9,0,0.01
1976,4,9,0,0.01
1977,1,9,0.002,0.01
1977,2,9,0,0.01
1977,3,9,0,0.01
1977,4,9,0,0.01
1978,1,9,0.015,0.01
1978,2,9,0,0.01
1978,3,9,0,0.01
1978,4,9,0,0.01
1979,1,9,0.014,0.01
1979,2,9,0,0.01
1979,3,9,0,0.01
1979,4,9,0,0.01
1980,1,9,0.029,0.01
1980,2,9,0,0.01
1980,3,9,0,0.01
1980,4,9,0,0.01
1981,1,9,0.026,0.01
1981,2,9,0,0.01
1981,3,9,0,0.01
1981,4,9,0,0.01
1982,1,9,0.022,0.01
1982,2,9,0,0.01
1982,3,9,0,0.01
1982,4,9,0,0.01
1983,1,9,0.012,0.01
1983,2,9,0,0.01
1983,3,9,0,0.01
1983,4,9,0,0.01
1984,1,9,0.026,0.01
1984,2,9,0,0.01
1984,3,9,0,0.01
1984,4,9,0,0.01
1985,1,9,0.024,0.01
1985,2,9,0,0.01
1985,3,9,0,0.01
1985,4,9,0,0.01
1986,1,9,0.056,0.01
1986,2,9,0,0.01
1986,3,9,0,0.01
1986,4,9,0,0.01
1987,1,9,0.07,0.01
1987,2,9,0,0.01
1987,3,9,0,0.01
1987,4,9,0,0.01
1988,1,9,0.099,0.01
1988,2,9,0,0.01
1988,3,9,0,0.01
1988,4,9,0,0.01
1989,1,9,0.08,0.01
1989,2,9,0,0.01
1989,3,9,0,0.01
1989,4,9,0,0.01
1990,1,9,0.061,0.01
1990,2,9,0,0.01
1990,3,9,0,0.01
1990,4,9,0,0.01
1991,1,9,0.035,0.01
1991,2,9,0,0.01
1991,3,9,0,0.01
1991,4,9,0,0.01
1992,1,9,0.062,0.01
1992,2,9,0,0.01
1992,3,9,0,0.01
1992,4,9,0,0.01
1993,1,9,0.04,0.01
1993,2,9,0,0.01
1993,3,9,0,0.01
1993,4,9,0,0.01
1994,1,9,0.066,0.01
1994,2,9,0,0.01
1994,3,9,0,0.01
1994,4,9,0,0.01
1995,1,9,0.075,0.01
1995,2,9,0,0.01
1995,3,9,0,0.01
1995,4,9,0,0.01
1996,1,9,0.146,0.01
1996,2,9,0,0.01
1996,3,9,0,0.01
1996,4,9,0,0.01
1997,1,9,0.088,0.01
1997,2,9,0,0.01
1997,3,9,0,0.01
1997,4,9,0,0.01
1998,1,9,0.036,0.01
1998,2,9,0,0.01
1998,3,9,0,0.01
1998,4,9,0,0.01
1999,1,9,0.041,0.01
1999,2,9,0,0.01
1999,3,9,0,0.01
1999,4,9,0,0.01
2000,1,9,0.055,0.01
2000,2,9,0,0.01
2000,3,9,0,0.01
2000,4,9,0,0.01
2001,1,9,0.069,0.01
2001,2,9,0,0.01
2001,3,9,0,0.01
2001,4,9,0,0.01
2002,1,9,0.165,0.01
2002,2,9,0,0.01
2002,3,9,0,0.01
2002,4,9,0,0.01
2003,1,9,0.067,0.01
2003,2,9,0,0.01
2003,3,9,0,0.01
2003,4,9,0,0.01
2004,1,9,0.087,0.01
2004,2,9,0,0.01
2004,3,9,0,0.01
2004,4,9,0,0.01
2005,1,9,0.134,0.01
2005,2,9,0,0.01
2005,3,9,0,0.01
2005,4,9,0,0.01
2006,1,9,0.054,0.01
2006,2,9,0,0.01
2006,3,9,0,0.01
2006,4,9,0,0.01
2007,1,9,0.067,0.01
2007,2,9,0,0.01
2007,3,9,0,0.01
2007,4,9,0,0.01
2008,1,9,0.051,0.01
2008,2,9,0,0.01
2008,3,9,0,0.01
2008,4,9,0,0.01
2009,1,9,0.03,0.01
2009,2,9,0,0.01
2009,3,9,0,0.01
2009,4,9,0,0.01
2010,1,9,0.071,0.01
2010,2,9,0,0.01
2010,3,9,0,0.01
2010,4,9,0,0.01
2011,1,9,0.055,0.01
2011,2,9,0,0.01
2011,3,9,0,0.01
2011,4,9,0,0.01
2012,1,9,0.018,0.01
2012,2,9,0,0.01
2012,3,9,0,0.01
2012,4,9,0,0.01
2013,1,9,0.002,0.01
2013,2,9,0,0.01
2013,3,9,0,0.01
2013,4,9,0,0.01
2014,1,9,0,0.01
2014,2,9,0,0.01
2014,3,9,0,0.01
2014,4,9,0,0.01
2015,1,9,0.004,0.01
2015,2,9,0,0.01
2015,3,9,0,0.01
2015,4,9,0,0.01
2016,1,9,0,0.01
2016,2,9,0,0.01
2016,3,9,0,0.01
2016,4,9,0,0.01
2017,1,9,0.003,0.01
2017,2,9,0,0.01
2017,3,9,0,0.01
2017,4,9,0,0.01
2018,1,9,0.013,0.01
2018,2,9,0,0.01
2018,3,9,0,0.01
2018,4,9,0,0.01
2019,1,9,0.002,0.01
2019,2,9,0,0.01
2019,3,9,0,0.01
2019,4,9,0,0.01
2020,1,9,0.018,0.01
2020,2,9,0,0.01
2020,3,9,0,0.01
2020,4,9,0,0.01
2021,1,9,0.002,0.01
2021,2,9,0,0.01
2021,3,9,0,0.01
2021,4,9,0,0.01
2022,1,9,0.004,0.01
2022,2,9,0,0.01
2022,3,9,0,0.01
2022,4,9,0,0.01
1952,1,10,0.604,0.01
1952,2,10,0,0.01
1952,3,10,0,0.01
1952,4,10,0,0.01
1953,1,10,0.687,0.01
1953,2,10,0,0.01
1953,3,10,0,0.01
1953,4,10,0,0.01
1954,1,10,0.389,0.01
1954,2,10,0,0.01
1954,3,10,0,0.01
1954,4,10,0,0.01
1955,1,10,0.454,0.01
1955,2,10,0,0.01
1955,3,10,0,0.01
1955,4,10,0,0.01
1956,1,10,0.361,0.01
1956,2,10,0,0.01
1956,3,10,0,0.01
1956,4,10,0,0.01
1957,1,10,0.4,0.01
1957,2,10,0,0.01
1957,3,10,0,0.01
1957,4,10,0,0.01
1958,1,10,0.462,0.01
1958,2,10,0,0.01
1958,3,10,0,0.01
1958,4,10,0,0.01
1959,1,10,0.246,0.01
1959,2,10,0,0.01
1959,3,10,0,0.01
1959,4,10,0,0.01
1960,1,10,0.234,0.01
1960,2,10,0,0.01
1960,3,10,0,0.01
1960,4,10,0,0.01
1961,1,10,0.396,0.01
1961,2,10,0,0.01
1961,3,10,0,0.01
1961,4,10,0,0.01
1962,1,10,0.161,0.01
1962,2,10,0,0.01
1962,3,10,0,0.01
1962,4,10,0,0.01
1963,1,10,0.176,0.01
1963,2,10,0,0.01
1963,3,10,0,0.01
1963,4,10,0,0.01
1964,1,10,0.178,0.01
1964,2,10,0,0.01
1964,3,10,0,0.01
1964,4,10,0,0.01
1965,1,10,0.239,0.01
1965,2,10,0,0.01
1965,3,10,0,0.01
1965,4,10,0,0.01
1966,1,10,0.231,0.01
1966,2,10,0,0.01
1966,3,10,0,0.01
1966,4,10,0,0.01
1967,1,10,0.149,0.01
1967,2,10,0,0.01
1967,3,10,0,0.01
1967,4,10,0,0.01
1968,1,10,0.16,0.01
1968,2,10,0,0.01
1968,3,10,0,0.01
1968,4,10,0,0.01
1969,1,10,0.202,0.01
1969,2,10,0,0.01
1969,3,10,0,0.01
1969,4,10,0,0.01
1970,1,10,0.075,0.01
1970,2,10,0,0.01
1970,3,10,0,0.01
1970,4,10,0,0.01
1971,1,10,0.082,0.01
1971,2,10,0,0.01
1971,3,10,0,0.01
1971,4,10,0,0.01
1972,1,10,0.158,0.01
1972,2,10,0,0.01
1972,3,10,0,0.01
1972,4,10,0,0.01
1973,1,10,0.088,0.01
1973,2,10,0,0.01
1973,3,10,0,0.01
1973,4,10,0,0.01
1974,1,10,0.209,0.01
1974,2,10,0,0.01
1974,3,10,0,0.01
1974,4,10,0,0.01
1975,1,10,0.242,0.01
1975,2,10,0,0.01
1975,3,10,0,0.01
1975,4,10,0,0.01
1976,1,10,0.284,0.01
1976,2,10,0,0.01
1976,3,10,0,0.01
1976,4,10,0,0.01
1977,1,10,0.334,0.01
1977,2,10,0,0.01
1977,3,10,0,0.01
1977,4,10,0,0.01
1978,1,10,0.452,0.01
1978,2,10,0,0.01
1978,3,10,0,0.01
1978,4,10,0,0.01
1979,1,10,0.565,0.01
1979,2,10,0,0.01
1979,3,10,0,0.01
1979,4,10,0,0.01
1980,1,10,0.692,0.01
1980,2,10,0,0.01
1980,3,10,0,0.01
1980,4,10,0,0.01
1981,1,10,0.792,0.01
1981,2,10,0,0.01
1981,3,10,0,0.01
1981,4,10,0,0.01
1982,1,10,0.704,0.01
1982,2,10,0,0.01
1982,3,10,0,0.01
1982,4,10,0,0.01
1983,1,10,0.702,0.01
1983,2,10,0,0.01
1983,3,10,0,0.01
1983,4,10,0,0.01
1984,1,10,0.543,0.01
1984,2,10,0,0.01
1984,3,10,0,0.01
1984,4,10,0,0.01
1985,1,10,0.262,0.01
1985,2,10,0,0.01
1985,3,10,0,0.01
1985,4,10,0,0.01
1986,1,10,0.395,0.01
1986,2,10,0,0.01
1986,3,10,0,0.01
1986,4,10,0,0.01
1987,1,10,0.226,0.01
1987,2,10,0,0.01
1987,3,10,0,0.01
1987,4,10,0,0.01
1988,1,10,0.281,0.01
1988,2,10,0,0.01
1988,3,10,0,0.01
1988,4,10,0,0.01
1989,1,10,0.647,0.01
1989,2,10,0,0.01
1989,3,10,0,0.01
1989,4,10,0,0.01
1990,1,10,0.463,0.01
1990,2,10,0,0.01
1990,3,10,0,0.01
1990,4,10,0,0.01
1991,1,10,0.532,0.01
1991,2,10,0,0.01
1991,3,10,0,0.01
1991,4,10,0,0.01
1992,1,10,0.519,0.01
1992,2,10,0,0.01
1992,3,10,0,0.01
1992,4,10,0,0.01
1993,1,10,0.608,0.01
1993,2,10,0,0.01
1993,3,10,0,0.01
1993,4,10,0,0.01
1994,1,10,0.663,0.01
1994,2,10,0,0.01
1994,3,10,0,0.01
1994,4,10,0,0.01
1995,1,10,0.91,0.01
1995,2,10,0,0.01
1995,3,10,0,0.01
1995,4,10,0,0.01
1996,1,10,0.705,0.01
1996,2,10,0,0.01
1996,3,10,0,0.01
1996,4,10,0,0.01
1997,1,10,0.619,0.01
1997,2,10,0,0.01
1997,3,10,0,0.01
1997,4,10,0,0.01
1998,1,10,0.543,0.01
1998,2,10,0,0.01
1998,3,10,0,0.01
1998,4,10,0,0.01
1999,1,10,0.823,0.01
1999,2,10,0,0.01
1999,3,10,0,0.01
1999,4,10,0,0.01
2000,1,10,0.398,0.01
2000,2,10,0,0.01
2000,3,10,0,0.01
2000,4,10,0,0.01
2001,1,10,0.422,0.01
2001,2,10,0,0.01
2001,3,10,0,0.01
2001,4,10,0,0.01
2002,1,10,0.43,0.01
2002,2,10,0,0.01
2002,3,10,0,0.01
2002,4,10,0,0.01
2003,1,10,0.495,0.01
2003,2,10,0,0.01
2003,3,10,0,0.01
2003,4,10,0,0.01
2004,1,10,0.592,0.01
2004,2,10,0,0.01
2004,3,10,0,0.01
2004,4,10,0,0.01
2005,1,10,0.834,0.01
2005,2,10,0,0.01
2005,3,10,0,0.01
2005,4,10,0,0.01
2006,1,10,0.63,0.01
2006,2,10,0,0.01
2006,3,10,0,0.01
2006,4,10,0,0.01
2007,1,10,0.688,0.01
2007,2,10,0,0.01
2007,3,10,0,0.01
2007,4,10,0,0.01
2008,1,10,0.485,0.01
2008,2,10,0,0.01
2008,3,10,0,0.01
2008,4,10,0,0.01
2009,1,10,0.731,0.01
2009,2,10,0,0.01
2009,3,10,0,0.01
2009,4,10,0,0.01
2010,1,10,0.597,0.01
2010,2,10,0,0.01
2010,3,10,0,0.01
2010,4,10,0,0.01
2011,1,10,0.529,0.01
2011,2,10,0,0.01
2011,3,10,0,0.01
2011,4,10,0,0.01
2012,1,10,0.635,0.01
2012,2,10,0,0.01
2012,3,10,0,0.01
2012,4,10,0,0.01
2013,1,10,0.73,0.01
2013,2,10,0,0.01
2013,3,10,0,0.01
2013,4,10,0,0.01
2014,1,10,0.62,0.01
2014,2,10,0,0.01
2014,3,10,0,0.01
2014,4,10,0,0.01
2015,1,10,0.696,0.01
2015,2,10,0,0.01
2015,3,10,0,0.01
2015,4,10,0,0.01
2016,1,10,0.9,0.01
2016,2,10,0,0.01
2016,3,10,0,0.01
2016,4,10,0,0.01
2017,1,10,0.542,0.01
2017,2,10,0,0.01
2017,3,10,0,0.01
2017,4,10,0,0.01
2018,1,10,0.618,0.01
2018,2,10,0,0.01
2018,3,10,0,0.01
2018,4,10,0,0.01
2019,1,10,0.446,0.01
2019,2,10,0,0.01
2019,3,10,0,0.01
2019,4,10,0,0.01
2020,1,10,0.333,0.01
2020,2,10,0,0.01
2020,3,10,0,0.01
2020,4,10,0,0.01
2021,1,10,0.627,0.01
2021,2,10,0,0.01
2021,3,10,0,0.01
2021,4,10,0,0.01
2022,1,10,0.377,0.01
2022,2,10,0,0.01
2022,3,10,0,0.01
2022,4,10,0,0.01
1952,1,11,0,0.01
1952,2,11,0,0.01
1952,3,11,0,0.01
1952,4,11,0,0.01
1953,1,11,0,0.01
1953,2,11,0,0.01
1953,3,11,0,0.01
1953,4,11,0,0.01
1954,1,11,0,0.01
1954,2,11,0,0.01
1954,3,11,0,0.01
1954,4,11,0,0.01
1955,1,11,0,0.01
1955,2,11,0,0.01
1955,3,11,0,0.01
1955,4,11,0,0.01
1956,1,11,0,0.01
1956,2,11,0,0.01
1956,3,11,0,0.01
1956,4,11,0,0.01
1957,1,11,0,0.01
1957,2,11,0,0.01
1957,3,11,0,0.01
1957,4,11,0,0.01
1958,1,11,0,0.01
1958,2,11,0,0.01
1958,3,11,0,0.01
1958,4,11,0,0.01
1959,1,11,0,0.01
1959,2,11,0,0.01
1959,3,11,0,0.01
1959,4,11,0,0.01
1960,1,11,0,0.01
1960,2,11,0,0.01
1960,3,11,0,0.01
1960,4,11,0,0.01
1961,1,11,0,0.01
1961,2,11,0,0.01
1961,3,11,0,0.01
1961,4,11,0,0.01
1962,1,11,0,0.01
1962,2,11,0,0.01
1962,3,11,0,0.01
1962,4,11,0,0.01
1963,1,11,0,0.01
1963,2,11,0,0.01
1963,3,11,0,0.01
1963,4,11,0,0.01
1964,1,11,0,0.01
1964,2,11,0,0.01
1964,3,11,0,0.01
1964,4,11,0,0.01
1965,1,11,0,0.01
1965,2,11,0,0.01
1965,3,11,0,0.01
1965,4,11,0,0.01
1966,1,11,0,0.01
1966,2,11,0,0.01
1966,3,11,0,0.01
1966,4,11,0,0.01
1967,1,11,0.193,0.01
1967,2,11,0.097,0.01
1967,3,11,0.334,0.01
1967,4,11,0.353,0.01
1968,1,11,0.278,0.01
1968,2,11,0.045,0.01
1968,3,11,0.048,0.01
1968,4,11,0.16,0.01
1969,1,11,0.079,0.01
1969,2,11,0.034,0.01
1969,3,11,0.177,0.01
1969,4,11,0.279,0.01
1970,1,11,0.038,0.01
1970,2,11,0.49,0.01
1970,3,11,0.418,0.01
1970,4,11,0.825,0.01
1971,1,11,0.146,0.01
1971,2,11,0.099,0.01
1971,3,11,0.177,0.01
1971,4,11,0.369,0.01
1972,1,11,0.391,0.01
1972,2,11,0.33,0.01
1972,3,11,0.377,0.01
1972,4,11,0.666,0.01
1973,1,11,0.232,0.01
1973,2,11,0.138,0.01
1973,3,11,0.241,0.01
1973,4,11,0.265,0.01
1974,1,11,0.186,0.01
1974,2,11,0.006,0.01
1974,3,11,0.19,0.01
1974,4,11,0.175,0.01
1975,1,11,1.308,0.01
1975,2,11,0.821,0.01
1975,3,11,1.025,0.01
1975,4,11,2.818,0.01
1976,1,11,0.353,0.01
1976,2,11,0.505,0.01
1976,3,11,1.139,0.01
1976,4,11,1.091,0.01
1977,1,11,0.871,0.01
1977,2,11,0.603,0.01
1977,3,11,0.414,0.01
1977,4,11,0.735,0.01
1978,1,11,1.911,0.01
1978,2,11,1.261,0.01
1978,3,11,1.708,0.01
1978,4,11,5.277,0.01
1979,1,11,1.363,0.01
1979,2,11,1.977,0.01
1979,3,11,0.82,0.01
1979,4,11,2.518,0.01
1980,1,11,0.444,0.01
1980,2,11,0.711,0.01
1980,3,11,0.392,0.01
1980,4,11,0.287,0.01
1981,1,11,2.071,0.01
1981,2,11,1.339,0.01
1981,3,11,1.228,0.01
1981,4,11,1.939,0.01
1982,1,11,1.734,0.01
1982,2,11,1.69,0.01
1982,3,11,1.653,0.01
1982,4,11,0.773,0.01
1983,1,11,1.143,0.01
1983,2,11,0.61,0.01
1983,3,11,1.115,0.01
1983,4,11,2.133,0.01
1984,1,11,1.516,0.01
1984,2,11,1.021,0.01
1984,3,11,1.299,0.01
1984,4,11,0.951,0.01
1985,1,11,1.455,0.01
1985,2,11,0.97,0.01
1985,3,11,1.011,0.01
1985,4,11,1.406,0.01
1986,1,11,1.413,0.01
1986,2,11,0.753,0.01
1986,3,11,1.232,0.01
1986,4,11,1.635,0.01
1987,1,11,1.328,0.01
1987,2,11,1.355,0.01
1987,3,11,1.63,0.01
1987,4,11,1.777,0.01
1988,1,11,2.649,0.01
1988,2,11,0.883,0.01
1988,3,11,1.536,0.01
1988,4,11,2.27,0.01
1989,1,11,0.619,0.01
1989,2,11,0.631,0.01
1989,3,11,1.53,0.01
1989,4,11,1.157,0.01
1990,1,11,0.709,0.01
1990,2,11,0.936,0.01
1990,3,11,0.835,0.01
1990,4,11,0.924,0.01
1991,1,11,0.849,0.01
1991,2,11,0.745,0.01
1991,3,11,0.929,0.01
1991,4,11,1.43,0.01
1992,1,11,0.307,0.01
1992,2,11,0.421,0.01
1992,3,11,1.132,0.01
1992,4,11,2.834,0.01
1993,1,11,0.796,0.01
1993,2,11,0.256,0.01
1993,3,11,0.92,0.01
1993,4,11,1.878,0.01
1994,1,11,0.772,0.01
1994,2,11,0.893,0.01
1994,3,11,1.622,0.01
1994,4,11,1.836,0.01
1995,1,11,0.524,0.01
1995,2,11,0.601,0.01
1995,3,11,1.876,0.01
1995,4,11,2.085,0.01
1996,1,11,0.63,0.01
1996,2,11,0.988,0.01
1996,3,11,1.528,0.01
1996,4,11,1.129,0.01
1997,1,11,0.92,0.01
1997,2,11,1.174,0.01
1997,3,11,2.641,0.01
1997,4,11,3.177,0.01
1998,1,11,0.466,0.01
1998,2,11,2.424,0.01
1998,3,11,3.389,0.01
1998,4,11,1.546,0.01
1999,1,11,1.487,0.01
1999,2,11,1.611,0.01
1999,3,11,3.912,0.01
1999,4,11,3.703,0.01
2000,1,11,2.462,0.01
2000,2,11,2.793,0.01
2000,3,11,2.069,0.01
2000,4,11,0.908,0.01
2001,1,11,1.52,0.01
2001,2,11,2.565,0.01
2001,3,11,2.457,0.01
2001,4,11,1.363,0.01
2002,1,11,1.477,0.01
2002,2,11,4.159,0.01
2002,3,11,4.157,0.01
2002,4,11,3.731,0.01
2003,1,11,1.968,0.01
2003,2,11,2.483,0.01
2003,3,11,2.581,0.01
2003,4,11,2.159,0.01
2004,1,11,2.303,0.01
2004,2,11,2.44,0.01
2004,3,11,3.549,0.01
2004,4,11,3.673,0.01
2005,1,11,2.279,0.01
2005,2,11,1.683,0.01
2005,3,11,3.396,0.01
2005,4,11,2.685,0.01
2006,1,11,1.035,0.01
2006,2,11,1.72,0.01
2006,3,11,3.583,0.01
2006,4,11,2.721,0.01
2007,1,11,0.85,0.01
2007,2,11,1.162,0.01
2007,3,11,2.817,0.01
2007,4,11,2.808,0.01
2008,1,11,2.154,0.01
2008,2,11,1.267,0.01
2008,3,11,3.753,0.01
2008,4,11,2.66,0.01
2009,1,11,1.595,0.01
2009,2,11,1.988,0.01
2009,3,11,4.628,0.01
2009,4,11,5.095,0.01
2010,1,11,2.469,0.01
2010,2,11,2.428,0.01
2010,3,11,3.188,0.01
2010,4,11,3.354,0.01
2011,1,11,2.482,0.01
2011,2,11,2.284,0.01
2011,3,11,3.576,0.01
2011,4,11,3.4,0.01
2012,1,11,2.779,0.01
2012,2,11,2.839,0.01
2012,3,11,3.618,0.01
2012,4,11,3.39,0.01
2013,1,11,1.627,0.01
2013,2,11,1.861,0.01
2013,3,11,2.998,0.01
2013,4,11,2.34,0.01
2014,1,11,2.507,0.01
2014,2,11,3.861,0.01
2014,3,11,5.834,0.01
2014,4,11,3.953,0.01
2015,1,11,1.152,0.01
2015,2,11,2.447,0.01
2015,3,11,4.281,0.01
2015,4,11,3.126,0.01
2016,1,11,1.059,0.01
2016,2,11,1.246,0.01
2016,3,11,2.397,0.01
2016,4,11,2.4,0.01
2017,1,11,1.785,0.01
2017,2,11,1.881,0.01
2017,3,11,1.5,0.01
2017,4,11,1.392,0.01
2018,1,11,1.096,0.01
2018,2,11,1.366,0.01
2018,3,11,2.809,0.01
2018,4,11,4.809,0.01
2019,1,11,1.008,0.01
2019,2,11,0.936,0.01
2019,3,11,1.968,0.01
2019,4,11,1.868,0.01
2020,1,11,0.867,0.01
2020,2,11,1.26,0.01
2020,3,11,2.305,0.01
2020,4,11,1.495,0.01
2021,1,11,1.047,0.01
2021,2,11,1.629,0.01
2021,3,11,2.871,0.01
2021,4,11,2.329,0.01
2022,1,11,1.033,0.01
2022,2,11,1.363,0.01
2022,3,11,1.644,0.01
2022,4,11,1.327,0.01
1952,1,12,0,0.01
1952,2,12,0,0.01
1952,3,12,0,0.01
1952,4,12,0,0.01
1953,1,12,0,0.01
1953,2,12,0,0.01
1953,3,12,0,0.01
1953,4,12,0,0.01
1954,1,12,0,0.01
1954,2,12,0,0.01
1954,3,12,0,0.01
1954,4,12,0,0.01
1955,1,12,0,0.01
1955,2,12,0,0.01
1955,3,12,0,0.01
1955,4,12,0,0.01
1956,1,12,0,0.01
1956,2,12,0,0.01
1956,3,12,0,0.01
1956,4,12,0,0.01
1957,1,12,0,0.01
1957,2,12,0,0.01
1957,3,12,0,0.01
1957,4,12,0,0.01
1958,1,12,0,0.01
1958,2,12,0,0.01
1958,3,12,0,0.01
1958,4,12,0,0.01
1959,1,12,0,0.01
1959,2,12,0,0.01
1959,3,12,0,0.01
1959,4,12,0,0.01
1960,1,12,0,0.01
1960,2,12,0,0.01
1960,3,12,0,0.01
1960,4,12,0,0.01
1961,1,12,0,0.01
1961,2,12,0,0.01
1961,3,12,0,0.01
1961,4,12,0,0.01
1962,1,12,0,0.01
1962,2,12,0,0.01
1962,3,12,0,0.01
1962,4,12,0,0.01
1963,1,12,0,0.01
1963,2,12,0,0.01
1963,3,12,0,0.01
1963,4,12,0,0.01
1964,1,12,0,0.01
1964,2,12,0,0.01
1964,3,12,0,0.01
1964,4,12,0,0.01
1965,1,12,0,0.01
1965,2,12,0,0.01
1965,3,12,0,0.01
1965,4,12,0,0.01
1966,1,12,0,0.01
1966,2,12,0,0.01
1966,3,12,0,0.01
1966,4,12,0,0.01
1967,1,12,0,0.01
1967,2,12,0.076,0.01
1967,3,12,0.117,0.01
1967,4,12,0.158,0.01
1968,1,12,0,0.01
1968,2,12,0.152,0.01
1968,3,12,0.346,0.01
1968,4,12,0.063,0.01
1969,1,12,0.144,0.01
1969,2,12,0.06,0.01
1969,3,12,0.649,0.01
1969,4,12,0.018,0.01
1970,1,12,0,0.01
1970,2,12,0.006,0.01
1970,3,12,1.273,0.01
1970,4,12,1.297,0.01
1971,1,12,0.031,0.01
1971,2,12,0.165,0.01
1971,3,12,1.285,0.01
1971,4,12,0.519,0.01
1972,1,12,0.09,0.01
1972,2,12,0.189,0.01
1972,3,12,2.088,0.01
1972,4,12,0.717,0.01
1973,1,12,0.325,0.01
1973,2,12,0.358,0.01
1973,3,12,0.963,0.01
1973,4,12,0.181,0.01
1974,1,12,0.097,0.01
1974,2,12,0.15,0.01
1974,3,12,0.116,0.01
1974,4,12,0.251,0.01
1975,1,12,0.091,0.01
1975,2,12,0.117,0.01
1975,3,12,1.292,0.01
1975,4,12,0.233,0.01
1976,1,12,0.085,0.01
1976,2,12,0.203,0.01
1976,3,12,1.182,0.01
1976,4,12,0.321,0.01
1977,1,12,0.192,0.01
1977,2,12,0.11,0.01
1977,3,12,0.896,0.01
1977,4,12,0.61,0.01
1978,1,12,0.122,0.01
1978,2,12,0.219,0.01
1978,3,12,1.115,0.01
1978,4,12,0.917,0.01
1979,1,12,0.33,0.01
1979,2,12,0.288,0.01
1979,3,12,0.909,0.01
1979,4,12,0.326,0.01
1980,1,12,0.017,0.01
1980,2,12,0.139,0.01
1980,3,12,0.679,0.01
1980,4,12,0.369,0.01
1981,1,12,0.39,0.01
1981,2,12,0.243,0.01
1981,3,12,1.044,0.01
1981,4,12,1.305,0.01
1982,1,12,0.35,0.01
1982,2,12,0.296,0.01
1982,3,12,0.987,0.01
1982,4,12,0.261,0.01
1983,1,12,0.072,0.01
1983,2,12,0.104,0.01
1983,3,12,0.515,0.01
1983,4,12,0.467,0.01
1984,1,12,0.053,0.01
1984,2,12,0.502,0.01
1984,3,12,1.228,0.01
1984,4,12,0.345,0.01
1985,1,12,0.159,0.01
1985,2,12,0.242,0.01
1985,3,12,0.991,0.01
1985,4,12,1.124,0.01
1986,1,12,0.223,0.01
1986,2,12,0.2,0.01
1986,3,12,0.69,0.01
1986,4,12,0.577,0.01
1987,1,12,0.135,0.01
1987,2,12,0.23,0.01
1987,3,12,0.515,0.01
1987,4,12,0.948,0.01
1988,1,12,0.338,0.01
1988,2,12,0.066,0.01
1988,3,12,0.476,0.01
1988,4,12,0.838,0.01
1989,1,12,0.08,0.01
1989,2,12,1.246,0.01
1989,3,12,1.556,0.01
1989,4,12,1.68,0.01
1990,1,12,0.131,0.01
1990,2,12,0.571,0.01
1990,3,12,1.115,0.01
1990,4,12,1.782,0.01
1991,1,12,0.537,0.01
1991,2,12,0.086,0.01
1991,3,12,0.42,0.01
1991,4,12,0.657,0.01
1992,1,12,0.042,0.01
1992,2,12,0.063,0.01
1992,3,12,0.258,0.01
1992,4,12,0.928,0.01
1993,1,12,0.212,0.01
1993,2,12,0.45,0.01
1993,3,12,0.347,0.01
1993,4,12,0.591,0.01
1994,1,12,0.284,0.01
1994,2,12,0.617,0.01
1994,3,12,1.816,0.01
1994,4,12,3.316,0.01
1995,1,12,0.239,0.01
1995,2,12,0.301,0.01
1995,3,12,1.146,0.01
1995,4,12,2.357,0.01
1996,1,12,0.124,0.01
1996,2,12,0.488,0.01
1996,3,12,1.22,0.01
1996,4,12,1.636,0.01
1997,1,12,0.25,0.01
1997,2,12,0.529,0.01
1997,3,12,1.691,0.01
1997,4,12,1.605,0.01
1998,1,12,0.333,0.01
1998,2,12,1.58,0.01
1998,3,12,2.58,0.01
1998,4,12,3.912,0.01
1999,1,12,0.453,0.01
1999,2,12,1.846,0.01
1999,3,12,1.827,0.01
1999,4,12,2.024,0.01
2000,1,12,0.516,0.01
2000,2,12,0.814,0.01
2000,3,12,2.028,0.01
2000,4,12,4.596,0.01
2001,1,12,0.764,0.01
2001,2,12,0.635,0.01
2001,3,12,1.236,0.01
2001,4,12,1.369,0.01
2002,1,12,0.363,0.01
2002,2,12,0.606,0.01
2002,3,12,1.321,0.01
2002,4,12,2.316,0.01
2003,1,12,0.772,0.01
2003,2,12,1.377,0.01
2003,3,12,2.945,0.01
2003,4,12,1.677,0.01
2004,1,12,0.469,0.01
2004,2,12,0.451,0.01
2004,3,12,1.45,0.01
2004,4,12,2.46,0.01
2005,1,12,0.687,0.01
2005,2,12,0.438,0.01
2005,3,12,1.589,0.01
2005,4,12,2.567,0.01
2006,1,12,0.682,0.01
2006,2,12,0.448,0.01
2006,3,12,0.949,0.01
2006,4,12,1.455,0.01
2007,1,12,0.423,0.01
2007,2,12,0.523,0.01
2007,3,12,1.273,0.01
2007,4,12,2.932,0.01
2008,1,12,0.904,0.01
2008,2,12,1.809,0.01
2008,3,12,1.627,0.01
2008,4,12,2.53,0.01
2009,1,12,0.292,0.01
2009,2,12,0.495,0.01
2009,3,12,0.831,0.01
2009,4,12,1.376,0.01
2010,1,12,0.542,0.01
2010,2,12,0.527,0.01
2010,3,12,1.122,0.01
2010,4,12,1.66,0.01
2011,1,12,0.647,0.01
2011,2,12,1.159,0.01
2011,3,12,1.116,0.01
2011,4,12,1.554,0.01
2012,1,12,0.979,0.01
2012,2,12,0.518,0.01
2012,3,12,1.466,0.01
2012,4,12,1.396,0.01
2013,1,12,0.209,0.01
2013,2,12,0.36,0.01
2013,3,12,0.488,0.01
2013,4,12,0.71,0.01
2014,1,12,0.377,0.01
2014,2,12,0.439,0.01
2014,3,12,0.633,0.01
2014,4,12,1.244,0.01
2015,1,12,0.295,0.01
2015,2,12,0.522,0.01
2015,3,12,0.968,0.01
2015,4,12,1.285,0.01
2016,1,12,0.256,0.01
2016,2,12,0.331,0.01
2016,3,12,0.783,0.01
2016,4,12,1.192,0.01
2017,1,12,0.264,0.01
2017,2,12,0.309,0.01
2017,3,12,0.886,0.01
2017,4,12,0.854,0.01
2018,1,12,0.264,0.01
2018,2,12,0.379,0.01
2018,3,12,0.807,0.01
2018,4,12,2.007,0.01
2019,1,12,0.261,0.01
2019,2,12,0.677,0.01
2019,3,12,1.319,0.01
2019,4,12,1.52,0.01
2020,1,12,0.196,0.01
2020,2,12,0.327,0.01
2020,3,12,1.214,0.01
2020,4,12,1.133,0.01
2021,1,12,0.21,0.01
2021,2,12,0.706,0.01
2021,3,12,1.056,0.01
2021,4,12,1.233,0.01
2022,1,12,0.162,0.01
2022,2,12,0.562,0.01
2022,3,12,1.332,0.01
2022,4,12,1.62,0.01
1952,1,13,0,0.01
1952,2,13,0,0.01
1952,3,13,0,0.01
1952,4,13,0,0.01
1953,1,13,0,0.01
1953,2,13,0,0.01
1953,3,13,0,0.01
1953,4,13,0,0.01
1954,1,13,0,0.01
1954,2,13,0,0.01
1954,3,13,0,0.01
1954,4,13,0,0.01
1955,1,13,0,0.01
1955,2,13,0,0.01
1955,3,13,0,0.01
1955,4,13,0,0.01
1956,1,13,0,0.01
1956,2,13,0,0.01
1956,3,13,0,0.01
1956,4,13,0,0.01
1957,1,13,0,0.01
1957,2,13,0,0.01
1957,3,13,0,0.01
1957,4,13,0,0.01
1958,1,13,0,0.01
1958,2,13,0,0.01
1958,3,13,0,0.01
1958,4,13,0,0.01
1959,1,13,0,0.01
1959,2,13,0,0.01
1959,3,13,0,0.01
1959,4,13,0,0.01
1960,1,13,0,0.01
1960,2,13,0,0.01
1960,3,13,0,0.01
1960,4,13,0,0.01
1961,1,13,0,0.01
1961,2,13,0,0.01
1961,3,13,0,0.01
1961,4,13,0,0.01
1962,1,13,0,0.01
1962,2,13,0,0.01
1962,3,13,0,0.01
1962,4,13,0,0.01
1963,1,13,0,0.01
1963,2,13,0,0.01
1963,3,13,0,0.01
1963,4,13,0,0.01
1964,1,13,0,0.01
1964,2,13,0,0.01
1964,3,13,0,0.01
1964,4,13,0,0.01
1965,1,13,0,0.01
1965,2,13,0,0.01
1965,3,13,0,0.01
1965,4,13,0,0.01
1966,1,13,0,0.01
1966,2,13,0,0.01
1966,3,13,0,0.01
1966,4,13,0,0.01
1967,1,13,0,0.01
1967,2,13,0,0.01
1967,3,13,0,0.01
1967,4,13,0,0.01
1968,1,13,0,0.01
1968,2,13,0.011,0.01
1968,3,13,0.01,0.01
1968,4,13,0,0.01
1969,1,13,0,0.01
1969,2,13,0,0.01
1969,3,13,0,0.01
1969,4,13,0,0.01
1970,1,13,0,0.01
1970,2,13,0.01,0.01
1970,3,13,0.003,0.01
1970,4,13,0,0.01
1971,1,13,0,0.01
1971,2,13,0.037,0.01
1971,3,13,0.037,0.01
1971,4,13,0,0.01
1972,1,13,0,0.01
1972,2,13,0.056,0.01
1972,3,13,0.025,0.01
1972,4,13,0.005,0.01
1973,1,13,0,0.01
1973,2,13,0.03,0.01
1973,3,13,0.011,0.01
1973,4,13,0,0.01
1974,1,13,0,0.01
1974,2,13,0.1,0.01
1974,3,13,0.007,0.01
1974,4,13,0,0.01
1975,1,13,0.041,0.01
1975,2,13,0.254,0.01
1975,3,13,0.021,0.01
1975,4,13,0,0.01
1976,1,13,0,0.01
1976,2,13,0.104,0.01
1976,3,13,0,0.01
1976,4,13,0,0.01
1977,1,13,0,0.01
1977,2,13,0.326,0.01
1977,3,13,0.164,0.01
1977,4,13,0,0.01
1978,1,13,0,0.01
1978,2,13,0.275,0.01
1978,3,13,0.016,0.01
1978,4,13,0,0.01
1979,1,13,0.005,0.01
1979,2,13,0.311,0.01
1979,3,13,0.075,0.01
1979,4,13,0,0.01
1980,1,13,0.003,0.01
1980,2,13,0.127,0.01
1980,3,13,0.123,0.01
1980,4,13,0,0.01
1981,1,13,0.015,0.01
1981,2,13,0.331,0.01
1981,3,13,0.083,0.01
1981,4,13,0.002,0.01
1982,1,13,0,0.01
1982,2,13,0.049,0.01
1982,3,13,0.02,0.01
1982,4,13,0,0.01
1983,1,13,0,0.01
1983,2,13,0.089,0.01
1983,3,13,0.012,0.01
1983,4,13,0,0.01
1984,1,13,0,0.01
1984,2,13,0.294,0.01
1984,3,13,0.048,0.01
1984,4,13,0,0.01
1985,1,13,0,0.01
1985,2,13,0.367,0.01
1985,3,13,0.027,0.01
1985,4,13,0.002,0.01
1986,1,13,0,0.01
1986,2,13,0.244,0.01
1986,3,13,0.015,0.01
1986,4,13,0,0.01
1987,1,13,0,0.01
1987,2,13,0,0.01
1987,3,13,0,0.01
1987,4,13,0,0.01
1988,1,13,0,0.01
1988,2,13,0.101,0.01
1988,3,13,0,0.01
1988,4,13,0,0.01
1989,1,13,0,0.01
1989,2,13,0.178,0.01
1989,3,13,0,0.01
1989,4,13,0,0.01
1990,1,13,0,0.01
1990,2,13,0.118,0.01
1990,3,13,0,0.01
1990,4,13,0,0.01
1991,1,13,0,0.01
1991,2,13,0.177,0.01
1991,3,13,0.018,0.01
1991,4,13,0,0.01
1992,1,13,0,0.01
1992,2,13,0,0.01
1992,3,13,0,0.01
1992,4,13,0,0.01
1993,1,13,0.006,0.01
1993,2,13,0.022,0.01
1993,3,13,0,0.01
1993,4,13,0,0.01
1994,1,13,0,0.01
1994,2,13,0.255,0.01
1994,3,13,0,0.01
1994,4,13,0,0.01
1995,1,13,0,0.01
1995,2,13,0,0.01
1995,3,13,0,0.01
1995,4,13,0,0.01
1996,1,13,0,0.01
1996,2,13,0.069,0.01
1996,3,13,0,0.01
1996,4,13,0.004,0.01
1997,1,13,0.014,0.01
1997,2,13,0.32,0.01
1997,3,13,0,0.01
1997,4,13,0,0.01
1998,1,13,0,0.01
1998,2,13,0.156,0.01
1998,3,13,0,0.01
1998,4,13,0,0.01
1999,1,13,0,0.01
1999,2,13,0.112,0.01
1999,3,13,0,0.01
1999,4,13,0,0.01
2000,1,13,0,0.01
2000,2,13,0.074,0.01
2000,3,13,0,0.01
2000,4,13,0,0.01
2001,1,13,0,0.01
2001,2,13,0,0.01
2001,3,13,0,0.01
2001,4,13,0.013,0.01
2002,1,13,0.005,0.01
2002,2,13,0.334,0.01
2002,3,13,0.113,0.01
2002,4,13,0.003,0.01
2003,1,13,0.051,0.01
2003,2,13,0.376,0.01
2003,3,13,0.09,0.01
2003,4,13,0,0.01
2004,1,13,0,0.01
2004,2,13,0.217,0.01
2004,3,13,0.064,0.01
2004,4,13,0,0.01
2005,1,13,0.001,0.01
2005,2,13,0.148,0.01
2005,3,13,0.043,0.01
2005,4,13,0,0.01
2006,1,13,0,0.01
2006,2,13,0.067,0.01
2006,3,13,0.035,0.01
2006,4,13,0,0.01
2007,1,13,0,0.01
2007,2,13,0.027,0.01
2007,3,13,0.013,0.01
2007,4,13,0,0.01
2008,1,13,0,0.01
2008,2,13,0.008,0.01
2008,3,13,0.01,0.01
2008,4,13,0.005,0.01
2009,1,13,0,0.01
2009,2,13,0.083,0.01
2009,3,13,0.029,0.01
2009,4,13,0.011,0.01
2010,1,13,0.003,0.01
2010,2,13,0.05,0.01
2010,3,13,0.036,0.01
2010,4,13,0.084,0.01
2011,1,13,0.121,0.01
2011,2,13,0.058,0.01
2011,3,13,0.007,0.01
2011,4,13,0,0.01
2012,1,13,0,0.01
2012,2,13,0.13,0.01
2012,3,13,0.032,0.01
2012,4,13,0.019,0.01
2013,1,13,0.01,0.01
2013,2,13,0.111,0.01
2013,3,13,0.076,0.01
2013,4,13,0.043,0.01
2014,1,13,0,0.01
2014,2,13,0.107,0.01
2014,3,13,0.068,0.01
2014,4,13,0,0.01
2015,1,13,0,0.01
2015,2,13,0.137,0.01
2015,3,13,0.109,0.01
2015,4,13,0.018,0.01
2016,1,13,0,0.01
2016,2,13,0.202,0.01
2016,3,13,0.112,0.01
2016,4,13,0,0.01
2017,1,13,0,0.01
2017,2,13,0.109,0.01
2017,3,13,0.053,0.01
2017,4,13,0,0.01
2018,1,13,0.001,0.01
2018,2,13,0.218,0.01
2018,3,13,0.091,0.01
2018,4,13,0.001,0.01
2019,1,13,0,0.01
2019,2,13,0.253,0.01
2019,3,13,0.068,0.01
2019,4,13,0,0.01
2020,1,13,0,0.01
2020,2,13,0.1,0.01
2020,3,13,0.101,0.01
2020,4,13,0.042,0.01
2021,1,13,0.012,0.01
2021,2,13,0.188,0.01
2021,3,13,0.085,0.01
2021,4,13,0,0.01
2022,1,13,0.001,0.01
2022,2,13,0.286,0.01
2022,3,13,0.071,0.01
2022,4,13,0,0.01
1952,1,14,0,0.01
1952,2,14,0,0.01
1952,3,14,0,0.01
1952,4,14,0,0.01
1953,1,14,0,0.01
1953,2,14,0,0.01
1953,3,14,0,0.01
1953,4,14,0,0.01
1954,1,14,0,0.01
1954,2,14,0,0.01
1954,3,14,0,0.01
1954,4,14,0,0.01
1955,1,14,0,0.01
1955,2,14,0,0.01
1955,3,14,0,0.01
1955,4,14,0,0.01
1956,1,14,0,0.01
1956,2,14,0,0.01
1956,3,14,0,0.01
1956,4,14,0,0.01
1957,1,14,0,0.01
1957,2,14,0,0.01
1957,3,14,0,0.01
1957,4,14,0,0.01
1958,1,14,0,0.01
1958,2,14,0,0.01
1958,3,14,0,0.01
1958,4,14,0,0.01
1959,1,14,0,0.01
1959,2,14,0,0.01
1959,3,14,0,0.01
1959,4,14,0,0.01
1960,1,14,0,0.01
1960,2,14,0,0.01
1960,3,14,0,0.01
1960,4,14,0,0.01
1961,1,14,0,0.01
1961,2,14,0,0.01
1961,3,14,0,0.01
1961,4,14,0,0.01
1962,1,14,0,0.01
1962,2,14,0,0.01
1962,3,14,0,0.01
1962,4,14,0,0.01
1963,1,14,0,0.01
1963,2,14,0,0.01
1963,3,14,0,0.01
1963,4,14,0,0.01
1964,1,14,0,0.01
1964,2,14,0,0.01
1964,3,14,0,0.01
1964,4,14,0,0.01
1965,1,14,0,0.01
1965,2,14,0,0.01
1965,3,14,0,0.01
1965,4,14,0,0.01
1966,1,14,0,0.01
1966,2,14,0,0.01
1966,3,14,0,0.01
1966,4,14,0,0.01
1967,1,14,0,0.01
1967,2,14,0,0.01
1967,3,14,0,0.01
1967,4,14,0,0.01
1968,1,14,0,0.01
1968,2,14,0,0.01
1968,3,14,0,0.01
1968,4,14,0,0.01
1969,1,14,0,0.01
1969,2,14,0,0.01
1969,3,14,0,0.01
1969,4,14,0,0.01
1970,1,14,0,0.01
1970,2,14,0,0.01
1970,3,14,0,0.01
1970,4,14,0,0.01
1971,1,14,0,0.01
1971,2,14,0,0.01
1971,3,14,0,0.01
1971,4,14,0,0.01
1972,1,14,0,0.01
1972,2,14,0,0.01
1972,3,14,0,0.01
1972,4,14,0,0.01
1973,1,14,0,0.01
1973,2,14,0,0.01
1973,3,14,0,0.01
1973,4,14,0,0.01
1974,1,14,0,0.01
1974,2,14,0,0.01
1974,3,14,0,0.01
1974,4,14,0,0.01
1975,1,14,0,0.01
1975,2,14,0,0.01
1975,3,14,0,0.01
1975,4,14,0,0.01
1976,1,14,0,0.01
1976,2,14,0,0.01
1976,3,14,0.201,0.01
1976,4,14,0.348,0.01
1977,1,14,0.068,0.01
1977,2,14,0.086,0.01
1977,3,14,0.181,0.01
1977,4,14,0.122,0.01
1978,1,14,0.034,0.01
1978,2,14,0.34,0.01
1978,3,14,4.322,0.01
1978,4,14,2.055,0.01
1979,1,14,0.091,0.01
1979,2,14,0.616,0.01
1979,3,14,0.794,0.01
1979,4,14,0.047,0.01
1980,1,14,0.047,0.01
1980,2,14,0.263,0.01
1980,3,14,0.71,0.01
1980,4,14,0.036,0.01
1981,1,14,0.88,0.01
1981,2,14,1.21,0.01
1981,3,14,3.449,0.01
1981,4,14,2.185,0.01
1982,1,14,1.267,0.01
1982,2,14,0.961,0.01
1982,3,14,0.744,0.01
1982,4,14,0.021,0.01
1983,1,14,0.053,0.01
1983,2,14,0.759,0.01
1983,3,14,0.33,0.01
1983,4,14,0.049,0.01
1984,1,14,0.295,0.01
1984,2,14,0.641,0.01
1984,3,14,0.319,0.01
1984,4,14,0.396,0.01
1985,1,14,0.361,0.01
1985,2,14,0.638,0.01
1985,3,14,0.84,0.01
1985,4,14,1.134,0.01
1986,1,14,0.808,0.01
1986,2,14,0.251,0.01
1986,3,14,0.512,0.01
1986,4,14,1.079,0.01
1987,1,14,0.207,0.01
1987,2,14,0.235,0.01
1987,3,14,0.142,0.01
1987,4,14,0.691,0.01
1988,1,14,0.094,0.01
1988,2,14,0.414,0.01
1988,3,14,0.247,0.01
1988,4,14,0.662,0.01
1989,1,14,0.7,0.01
1989,2,14,0.298,0.01
1989,3,14,0.788,0.01
1989,4,14,0.11,0.01
1990,1,14,0.126,0.01
1990,2,14,0.012,0.01
1990,3,14,0.629,0.01
1990,4,14,0,0.01
1991,1,14,0,0.01
1991,2,14,0.313,0.01
1991,3,14,1.041,0.01
1991,4,14,0.124,0.01
1992,1,14,0.41,0.01
1992,2,14,0.535,0.01
1992,3,14,0.583,0.01
1992,4,14,0.862,0.01
1993,1,14,0.627,0.01
1993,2,14,0.577,0.01
1993,3,14,0.402,0.01
1993,4,14,0.753,0.01
1994,1,14,1.496,0.01
1994,2,14,1.352,0.01
1994,3,14,1.739,0.01
1994,4,14,0.95,0.01
1995,1,14,0.228,0.01
1995,2,14,0.534,0.01
1995,3,14,1.298,0.01
1995,4,14,0.43,0.01
1996,1,14,0.295,0.01
1996,2,14,0.451,0.01
1996,3,14,0.93,0.01
1996,4,14,0.43,0.01
1997,1,14,0.132,0.01
1997,2,14,0.512,0.01
1997,3,14,1.052,0.01
1997,4,14,0.388,0.01
1998,1,14,0.107,0.01
1998,2,14,0.46,0.01
1998,3,14,0.775,0.01
1998,4,14,0.195,0.01
1999,1,14,0.14,0.01
1999,2,14,1.089,0.01
1999,3,14,1.268,0.01
1999,4,14,0.459,0.01
2000,1,14,0.298,0.01
2000,2,14,0.501,0.01
2000,3,14,0.624,0.01
2000,4,14,0.153,0.01
2001,1,14,0.03,0.01
2001,2,14,0.32,0.01
2001,3,14,0.575,0.01
2001,4,14,0.165,0.01
2002,1,14,0.099,0.01
2002,2,14,0.388,0.01
2002,3,14,0.72,0.01
2002,4,14,0.48,0.01
2003,1,14,0.581,0.01
2003,2,14,2.079,0.01
2003,3,14,2.564,0.01
2003,4,14,0.869,0.01
2004,1,14,0.359,0.01
2004,2,14,1.655,0.01
2004,3,14,2.261,0.01
2004,4,14,0.503,0.01
2005,1,14,0.188,0.01
2005,2,14,0.812,0.01
2005,3,14,0.814,0.01
2005,4,14,0.287,0.01
2006,1,14,0.09,0.01
2006,2,14,0.441,0.01
2006,3,14,0.652,0.01
2006,4,14,0.515,0.01
2007,1,14,0.124,0.01
2007,2,14,0.401,0.01
2007,3,14,0.907,0.01
2007,4,14,0.633,0.01
2008,1,14,0.199,0.01
2008,2,14,0.773,0.01
2008,3,14,0.853,0.01
2008,4,14,0.306,0.01
2009,1,14,0.324,0.01
2009,2,14,0.591,0.01
2009,3,14,0.769,0.01
2009,4,14,0.343,0.01
2010,1,14,0.155,0.01
2010,2,14,0.536,0.01
2010,3,14,1.293,0.01
2010,4,14,0.469,0.01
2011,1,14,0.121,0.01
2011,2,14,0.487,0.01
2011,3,14,1.715,0.01
2011,4,14,0.513,0.01
2012,1,14,0.567,0.01
2012,2,14,0.978,0.01
2012,3,14,1.311,0.01
2012,4,14,0.627,0.01
2013,1,14,0.145,0.01
2013,2,14,0.49,0.01
2013,3,14,0.914,0.01
2013,4,14,0.684,0.01
2014,1,14,0.228,0.01
2014,2,14,0.489,0.01
2014,3,14,1.449,0.01
2014,4,14,1.284,0.01
2015,1,14,0.241,0.01
2015,2,14,0.71,0.01
2015,3,14,0.926,0.01
2015,4,14,1.14,0.01
2016,1,14,0.225,0.01
2016,2,14,0.446,0.01
2016,3,14,0.887,0.01
2016,4,14,0.509,0.01
2017,1,14,0.165,0.01
2017,2,14,0.693,0.01
2017,3,14,1.779,0.01
2017,4,14,0.487,0.01
2018,1,14,0.065,0.01
2018,2,14,0.786,0.01
2018,3,14,1.531,0.01
2018,4,14,0.568,0.01
2019,1,14,0.242,0.01
2019,2,14,1.129,0.01
2019,3,14,2.605,0.01
2019,4,14,0.805,0.01
2020,1,14,0.178,0.01
2020,2,14,0.919,0.01
2020,3,14,4.696,0.01
2020,4,14,0.968,0.01
2021,1,14,0.397,0.01
2021,2,14,1.838,0.01
2021,3,14,2.425,0.01
2021,4,14,0.655,0.01
2022,1,14,0.209,0.01
2022,2,14,0.846,0.01
2022,3,14,1.386,0.01
2022,4,14,0.284,0.01
1952,1,15,0,0.01
1952,2,15,0,0.01
1952,3,15,0,0.01
1952,4,15,0.026,0.2
1953,1,15,0.006,0.05
1953,2,15,0,0.01
1953,3,15,0.121,0.2
1953,4,15,12.756,0.2
1954,1,15,1.543,0.05
1954,2,15,0.056,0.05
1954,3,15,15.507,0.2
1954,4,15,60.96,0.2
1955,1,15,1.701,0.05
1955,2,15,0.112,0.05
1955,3,15,8.922,0.2
1955,4,15,17.769,0.2
1956,1,15,0.711,0.05
1956,2,15,0.13,0.05
1956,3,15,4.677,0.2
1956,4,15,15.694,0.2
1957,1,15,0.215,0.05
1957,2,15,0.096,0.05
1957,3,15,3.465,0.2
1957,4,15,16.355,0.2
1958,1,15,0.126,0.05
1958,2,15,0.058,0.05
1958,3,15,7.13,0.2
1958,4,15,22.594,0.2
1959,1,15,0.509,0.05
1959,2,15,0.625,0.05
1959,3,15,10.619,0.2
1959,4,15,12.848,0.2
1960,1,15,0.219,0.05
1960,2,15,0.789,0.05
1960,3,15,13.152,0.2
1960,4,15,11.912,0.2
1961,1,15,0.071,0.05
1961,2,15,0.55,0.05
1961,3,15,15.633,0.2
1961,4,15,19.383,0.2
1962,1,15,0.917,0.05
1962,2,15,0.735,0.05
1962,3,15,8.437,0.2
1962,4,15,17.243,0.2
1963,1,15,0.342,0.05
1963,2,15,1.068,0.05
1963,3,15,2.956,0.2
1963,4,15,19.391,0.2
1964,1,15,1.077,0.05
1964,2,15,0.515,0.05
1964,3,15,3.891,0.2
1964,4,15,6.11,0.2
1965,1,15,0.514,0.05
1965,2,15,0.522,0.05
1965,3,15,5.928,0.2
1965,4,15,7.06,0.2
1966,1,15,0.941,0.05
1966,2,15,1.951,0.05
1966,3,15,8.313,0.2
1966,4,15,8.212,0.2
1967,1,15,0.472,0.05
1967,2,15,0.393,0.05
1967,3,15,4.462,0.2
1967,4,15,2.398,0.2
1968,1,15,0.737,0.05
1968,2,15,0.498,0.05
1968,3,15,2.692,0.2
1968,4,15,2.406,0.2
1969,1,15,0.486,0.05
1969,2,15,0.188,0.05
1969,3,15,1.623,0.2
1969,4,15,3.706,0.2
1970,1,15,1.356,0.05
1970,2,15,0.232,0.05
1970,3,15,5.331,0.2
1970,4,15,9.205,0.2
1971,1,15,0.615,0.05
1971,2,15,0.419,0.05
1971,3,15,4.658,0.2
1971,4,15,7.965,0.2
1972,1,15,2.989,0.05
1972,2,15,0.329,0.05
1972,3,15,1.541,0.2
1972,4,15,8.735,0.2
1973,1,15,2.67,0.05
1973,2,15,0.373,0.05
1973,3,15,1.154,0.2
1973,4,15,10.534,0.2
1974,1,15,1.637,0.05
1974,2,15,0.548,0.05
1974,3,15,3.073,0.2
1974,4,15,4.502,0.2
1975,1,15,1.213,0.05
1975,2,15,0.234,0.05
1975,3,15,1.043,0.2
1975,4,15,4.358,0.2
1976,1,15,1.084,0.05
1976,2,15,0.069,0.05
1976,3,15,1.696,0.2
1976,4,15,1.19,0.2
1977,1,15,0.577,0.05
1977,2,15,0.018,0.05
1977,3,15,0.04,0.2
1977,4,15,1.985,0.2
1978,1,15,1.916,0.05
1978,2,15,0.066,0.05
1978,3,15,0.546,0.2
1978,4,15,3.374,0.2
1979,1,15,0,0.01
1979,2,15,0,0.01
1979,3,15,0,0.01
1979,4,15,0,0.01
1980,1,15,0,0.01
1980,2,15,0,0.01
1980,3,15,0,0.01
1980,4,15,0,0.01
1981,1,15,0,0.01
1981,2,15,0,0.01
1981,3,15,0,0.01
1981,4,15,0,0.01
1982,1,15,0,0.01
1982,2,15,0,0.01
1982,3,15,0,0.01
1982,4,15,0,0.01
1983,1,15,0,0.01
1983,2,15,0,0.01
1983,3,15,0,0.01
1983,4,15,0,0.01
1984,1,15,0,0.01
1984,2,15,0,0.01
1984,3,15,0,0.01
1984,4,15,0,0.01
1985,1,15,0,0.01
1985,2,15,0,0.01
1985,3,15,0,0.01
1985,4,15,0,0.01
1986,1,15,0,0.01
1986,2,15,0,0.01
1986,3,15,0,0.01
1986,4,15,0,0.01
1987,1,15,0,0.01
1987,2,15,0,0.01
1987,3,15,0,0.01
1987,4,15,0,0.01
1988,1,15,0,0.01
1988,2,15,0,0.01
1988,3,15,0,0.01
1988,4,15,0,0.01
1989,1,15,0,0.01
1989,2,15,0,0.01
1989,3,15,0,0.01
1989,4,15,0,0.01
1990,1,15,0,0.01
1990,2,15,0,0.01
1990,3,15,0,0.01
1990,4,15,0,0.01
1991,1,15,0,0.01
1991,2,15,0,0.01
1991,3,15,0,0.01
1991,4,15,0,0.01
1992,1,15,0,0.01
1992,2,15,0,0.01
1992,3,15,0,0.01
1992,4,15,0,0.01
1993,1,15,0,0.01
1993,2,15,0,0.01
1993,3,15,0,0.01
1993,4,15,0,0.01
1994,1,15,0,0.01
1994,2,15,0,0.01
1994,3,15,0,0.01
1994,4,15,0,0.01
1995,1,15,0,0.01
1995,2,15,0,0.01
1995,3,15,0,0.01
1995,4,15,0,0.01
1996,1,15,0,0.01
1996,2,15,0,0.01
1996,3,15,0,0.01
1996,4,15,0,0.01
1997,1,15,0,0.01
1997,2,15,0,0.01
1997,3,15,0,0.01
1997,4,15,0,0.01
1998,1,15,0,0.01
1998,2,15,0,0.01
1998,3,15,0,0.01
1998,4,15,0,0.01
1999,1,15,0,0.01
1999,2,15,0,0.01
1999,3,15,0,0.01
1999,4,15,0,0.01
2000,1,15,0,0.01
2000,2,15,0,0.01
2000,3,15,0,0.01
2000,4,15,0,0.01
2001,1,15,0,0.01
2001,2,15,0,0.01
2001,3,15,0,0.01
2001,4,15,0,0.01
2002,1,15,0,0.01
2002,2,15,0,0.01
2002,3,15,0,0.01
2002,4,15,0,0.01
2003,1,15,0,0.01
2003,2,15,0,0.01
2003,3,15,0,0.01
2003,4,15,0,0.01
2004,1,15,0,0.01
2004,2,15,0,0.01
2004,3,15,0,0.01
2004,4,15,0,0.01
2005,1,15,0,0.01
2005,2,15,0,0.01
2005,3,15,0,0.01
2005,4,15,0,0.01
2006,1,15,0,0.01
2006,2,15,0,0.01
2006,3,15,0,0.01
2006,4,15,0,0.01
2007,1,15,0,0.01
2007,2,15,0,0.01
2007,3,15,0,0.01
2007,4,15,0,0.01
2008,1,15,0,0.01
2008,2,15,0,0.01
2008,3,15,0,0.01
2008,4,15,0,0.01
2009,1,15,0,0.01
2009,2,15,0,0.01
2009,3,15,0,0.01
2009,4,15,0,0.01
2010,1,15,0,0.01
2010,2,15,0,0.01
2010,3,15,0,0.01
2010,4,15,0,0.01
2011,1,15,0,0.01
2011,2,15,0,0.01
2011,3,15,0,0.01
2011,4,15,0,0.01
2012,1,15,0,0.01
2012,2,15,0,0.01
2012,3,15,0,0.01
2012,4,15,0,0.01
2013,1,15,0,0.01
2013,2,15,0,0.01
2013,3,15,0,0.01
2013,4,15,0,0.01
2014,1,15,0,0.01
2014,2,15,0,0.01
2014,3,15,0,0.01
2014,4,15,0,0.01
2015,1,15,0,0.01
2015,2,15,0,0.01
2015,3,15,0,0.01
2015,4,15,0,0.01
2016,1,15,0,0.01
2016,2,15,0,0.01
2016,3,15,0,0.01
2016,4,15,0,0.01
2017,1,15,0,0.01
2017,2,15,0,0.01
2017,3,15,0,0.01
2017,4,15,0,0.01
2018,1,15,0,0.01
2018,2,15,0,0.01
2018,3,15,0,0.01
2018,4,15,0,0.01
2019,1,15,0,0.01
2019,2,15,0,0.01
2019,3,15,0,0.01
2019,4,15,0,0.01
2020,1,15,0,0.01
2020,2,15,0,0.01
2020,3,15,0,0.01
2020,4,15,0,0.01
2021,1,15,0,0.01
2021,2,15,0,0.01
2021,3,15,0,0.01
2021,4,15,0,0.01
2022,1,15,0,0.01
2022,2,15,0,0.01
2022,3,15,0,0.01
2022,4,15,0,0.01
