id,Fleet,Fleet_name,Used,Kind,Sex,Bin,Obs,Exp,Dev,effN,Nsamp_in,Nsamp_adj
12-CAAL-old-growth-SD,2,F02_LL.JP.2,yes,SIZE,1,5,0.033746794,0.026484053,0.00726274100000002,7566.6029,724.037607,724.037607
12-CAAL-old-growth-SD,2,F02_LL.JP.2,yes,SIZE,1,7,0.031576852,0.026484053,0.00509279900000001,7566.6029,724.037607,724.037607
12-CAAL-old-growth-SD,2,F02_LL.JP.2,yes,SIZE,1,9,0.062268652,0.02648405,0.035784602,7566.6029,724.037607,724.037607
12-CAAL-old-growth-SD,2,F02_LL.JP.2,yes,SIZE,1,11,0.066794928,0.026484054,0.040310874,7566.6029,724.037607,724.037607
12-CAAL-old-growth-SD,2,F02_LL.JP.2,yes,SIZE,1,13,0.089488226,0.026484055,0.063004171,7566.6029,724.037607,724.037607
12-CAAL-old-growth-SD,2,F02_LL.JP.2,yes,SIZE,1,15,0.095012218,0.026484096,0.068528122,7566.6029,724.037607,724.037607
12-CAAL-old-growth-SD,2,F02_LL.JP.2,yes,SIZE,1,17,0.074003036,0.026484327,0.047518709,7566.6029,724.037607,724.037607
12-CAAL-old-growth-SD,2,F02_LL.JP.2,yes,SIZE,1,19,0.069439892,0.026485346,0.042954546,7566.6029,724.037607,724.037607
12-CAAL-old-growth-SD,2,F02_LL.JP.2,yes,SIZE,1,21,0.085283922,0.026489213,0.058794709,7566.6029,724.037607,724.037607
12-CAAL-old-growth-SD,2,F02_LL.JP.2,yes,SIZE,1,23,0.081362838,0.02650174,0.054861098,7566.6029,724.037607,724.037607
12-CAAL-old-growth-SD,2,F02_LL.JP.2,yes,SIZE,1,25,0.088992502,0.026539351,0.062453151,7566.6029,724.037607,724.037607
12-CAAL-old-growth-SD,2,F02_LL.JP.2,yes,SIZE,1,27,0.07291599,0.026642633,0.046273357,7566.6029,724.037607,724.037607
12-CAAL-old-growth-SD,2,F02_LL.JP.2,yes,SIZE,1,29,0.080213246,0.026896689,0.053316557,7566.6029,724.037607,724.037607
12-CAAL-old-growth-SD,2,F02_LL.JP.2,yes,SIZE,1,31,0.057779754,0.027477228,0.030302526,7566.6029,724.037607,724.037607
12-CAAL-old-growth-SD,2,F02_LL.JP.2,yes,SIZE,1,33,0.0669488,0.028703024,0.038245776,7566.6029,724.037607,724.037607
12-CAAL-old-growth-SD,2,F02_LL.JP.2,yes,SIZE,1,35,0.07491113,0.03103223,0.0438789,7566.6029,724.037607,724.037607
12-CAAL-old-growth-SD,2,F02_LL.JP.2,yes,SIZE,1,37,0.082247984,0.03504108,0.047206904,7566.6029,724.037607,724.037607
12-CAAL-old-growth-SD,2,F02_LL.JP.2,yes,SIZE,1,39,0.110783174,0.04184557,0.068937604,7566.6029,724.037607,724.037607
12-CAAL-old-growth-SD,2,F02_LL.JP.2,yes,SIZE,1,41,0.09161582,0.05239869,0.03921713,7566.6029,724.037607,724.037607
12-CAAL-old-growth-SD,2,F02_LL.JP.2,yes,SIZE,1,43,0.084594746,0.06763354,0.016961206,7566.6029,724.037607,724.037607
12-CAAL-old-growth-SD,2,F02_LL.JP.2,yes,SIZE,1,45,0.097434518,0.08887802,0.008556498,7566.6029,724.037607,724.037607
12-CAAL-old-growth-SD,2,F02_LL.JP.2,yes,SIZE,1,47,0.158213536,0.11726737,0.040946166,7566.6029,724.037607,724.037607
12-CAAL-old-growth-SD,2,F02_LL.JP.2,yes,SIZE,1,49,0.212316966,0.15374324,0.058573726,7566.6029,724.037607,724.037607
12-CAAL-old-growth-SD,2,F02_LL.JP.2,yes,SIZE,1,51,0.388494518,0.20188694,0.186607578,7566.6029,724.037607,724.037607
12-CAAL-old-growth-SD,2,F02_LL.JP.2,yes,SIZE,1,53,0.358901292,0.2591364,0.099764892,7566.6029,724.037607,724.037607
12-CAAL-old-growth-SD,2,F02_LL.JP.2,yes,SIZE,1,55,0.460364814,0.32534012,0.135024694,7566.6029,724.037607,724.037607
12-CAAL-old-growth-SD,2,F02_LL.JP.2,yes,SIZE,1,57,0.517214642,0.3996433,0.117571342,7566.6029,724.037607,724.037607
12-CAAL-old-growth-SD,2,F02_LL.JP.2,yes,SIZE,1,59,0.779499442,0.4929929,0.286506542,7566.6029,724.037607,724.037607
12-CAAL-old-growth-SD,2,F02_LL.JP.2,yes,SIZE,1,61,0.679769744,0.5814944,0.098275344,7566.6029,724.037607,724.037607
12-CAAL-old-growth-SD,2,F02_LL.JP.2,yes,SIZE,1,63,0.721968744,0.6794127,0.0425560439999998,7566.6029,724.037607,724.037607
12-CAAL-old-growth-SD,2,F02_LL.JP.2,yes,SIZE,1,65,0.865870774,0.7782253,0.087645474,7566.6029,724.037607,724.037607
12-CAAL-old-growth-SD,2,F02_LL.JP.2,yes,SIZE,1,67,1.085592442,0.8702606,0.215331842,7566.6029,724.037607,724.037607
12-CAAL-old-growth-SD,2,F02_LL.JP.2,yes,SIZE,1,69,1.09204359,0.9593371,0.13270649,7566.6029,724.037607,724.037607
12-CAAL-old-growth-SD,2,F02_LL.JP.2,yes,SIZE,1,71,1.114981742,1.0352341,0.0797476419999998,7566.6029,724.037607,724.037607
12-CAAL-old-growth-SD,2,F02_LL.JP.2,yes,SIZE,1,73,1.2647316,1.0963624,0.1683692,7566.6029,724.037607,724.037607
12-CAAL-old-growth-SD,2,F02_LL.JP.2,yes,SIZE,1,75,1.111381,1.1467148,-0.0353338000000001,7566.6029,724.037607,724.037607
12-CAAL-old-growth-SD,2,F02_LL.JP.2,yes,SIZE,1,77,1.196441042,1.1746598,0.0217812420000001,7566.6029,724.037607,724.037607
12-CAAL-old-growth-SD,2,F02_LL.JP.2,yes,SIZE,1,79,0.95475761,1.1880751,-0.23331749,7566.6029,724.037607,724.037607
12-CAAL-old-growth-SD,2,F02_LL.JP.2,yes,SIZE,1,81,1.2676806,1.1834665,0.0842141000000003,7566.6029,724.037607,724.037607
12-CAAL-old-growth-SD,2,F02_LL.JP.2,yes,SIZE,1,83,1.158058584,1.1641563,-0.00609771599999998,7566.6029,724.037607,724.037607
12-CAAL-old-growth-SD,2,F02_LL.JP.2,yes,SIZE,1,85,1.045382384,1.1312776,-0.0858952160000004,7566.6029,724.037607,724.037607
12-CAAL-old-growth-SD,2,F02_LL.JP.2,yes,SIZE,1,87,0.919222208,1.0793776,-0.160155392,7566.6029,724.037607,724.037607
12-CAAL-old-growth-SD,2,F02_LL.JP.2,yes,SIZE,1,89,0.980221734,1.0237726,-0.0435508660000003,7566.6029,724.037607,724.037607
12-CAAL-old-growth-SD,2,F02_LL.JP.2,yes,SIZE,1,91,0.725428176,0.9607785,-0.235350324,7566.6029,724.037607,724.037607
12-CAAL-old-growth-SD,2,F02_LL.JP.2,yes,SIZE,1,93,0.80443447,0.8925425,-0.0881080300000003,7566.6029,724.037607,724.037607
12-CAAL-old-growth-SD,2,F02_LL.JP.2,yes,SIZE,1,95,0.778005946,0.8226393,-0.044633354,7566.6029,724.037607,724.037607
12-CAAL-old-growth-SD,2,F02_LL.JP.2,yes,SIZE,1,97,0.736466244,0.7526135,-0.0161472559999999,7566.6029,724.037607,724.037607
12-CAAL-old-growth-SD,2,F02_LL.JP.2,yes,SIZE,1,99,0.56985413,0.6926572,-0.12280307,7566.6029,724.037607,724.037607
12-CAAL-old-growth-SD,2,F02_LL.JP.2,yes,SIZE,1,101,0.4921333,0.6362045,-0.1440712,7566.6029,724.037607,724.037607
12-CAAL-old-growth-SD,2,F02_LL.JP.2,yes,SIZE,1,103,0.42453442,0.5831841,-0.15864968,7566.6029,724.037607,724.037607
12-CAAL-old-growth-SD,2,F02_LL.JP.2,yes,SIZE,1,105,0.526653022,0.5335226,-0.0068695780000001,7566.6029,724.037607,724.037607
12-CAAL-old-growth-SD,2,F02_LL.JP.2,yes,SIZE,1,107,0.366544946,0.487139,-0.120594054,7566.6029,724.037607,724.037607
12-CAAL-old-growth-SD,2,F02_LL.JP.2,yes,SIZE,1,109,0.296189056,0.443946,-0.147756944,7566.6029,724.037607,724.037607
12-CAAL-old-growth-SD,2,F02_LL.JP.2,yes,SIZE,1,111,0.238840468,0.40384852,-0.165008052,7566.6029,724.037607,724.037607
12-CAAL-old-growth-SD,2,F02_LL.JP.2,yes,SIZE,1,113,0.283221586,0.36674456,-0.0835229739999999,7566.6029,724.037607,724.037607
12-CAAL-old-growth-SD,2,F02_LL.JP.2,yes,SIZE,1,115,0.305524314,0.33252225,-0.026997936,7566.6029,724.037607,724.037607
12-CAAL-old-growth-SD,2,F02_LL.JP.2,yes,SIZE,1,117,0.252174764,0.30106345,-0.048888686,7566.6029,724.037607,724.037607
12-CAAL-old-growth-SD,2,F02_LL.JP.2,yes,SIZE,1,119,0.220727954,0.27224151,-0.051513556,7566.6029,724.037607,724.037607
12-CAAL-old-growth-SD,2,F02_LL.JP.2,yes,SIZE,1,121,0.15410313,0.24592234,-0.09181921,7566.6029,724.037607,724.037607
12-CAAL-old-growth-SD,2,F02_LL.JP.2,yes,SIZE,1,123,0.125598492,0.2219673,-0.0963688080000001,7566.6029,724.037607,724.037607
12-CAAL-old-growth-SD,2,F02_LL.JP.2,yes,SIZE,1,125,0.131645274,0.20023332,-0.068588046,7566.6029,724.037607,724.037607
12-CAAL-old-growth-SD,2,F02_LL.JP.2,yes,SIZE,1,127,0.130370082,0.18057531,-0.050205228,7566.6029,724.037607,724.037607
12-CAAL-old-growth-SD,2,F02_LL.JP.2,yes,SIZE,1,129,0.123426304,0.16284755,-0.0394212460000001,7566.6029,724.037607,724.037607
12-CAAL-old-growth-SD,2,F02_LL.JP.2,yes,SIZE,1,131,0.08872231,0.14690543,-0.05818312,7566.6029,724.037607,724.037607
12-CAAL-old-growth-SD,2,F02_LL.JP.2,yes,SIZE,1,133,0.064734532,0.13260744,-0.067872908,7566.6029,724.037607,724.037607
12-CAAL-old-growth-SD,2,F02_LL.JP.2,yes,SIZE,1,135,0.07110685,0.11981603,-0.04870918,7566.6029,724.037607,724.037607
12-CAAL-old-growth-SD,2,F02_LL.JP.2,yes,SIZE,1,137,0.063545472,0.10839926,-0.044853788,7566.6029,724.037607,724.037607
12-CAAL-old-growth-SD,2,F02_LL.JP.2,yes,SIZE,1,139,0.125027382,0.1609425,-0.035915118,7566.6029,724.037607,724.037607
12-CAAL-old-growth-SD,2,F02_LL.JP.2,yes,SIZE,1,143,0.102444952,0.12680504,-0.0243600880000001,7566.6029,724.037607,724.037607
12-CAAL-old-growth-SD,2,F02_LL.JP.2,yes,SIZE,1,147,0.070791682,0.10213831,-0.031346628,7566.6029,724.037607,724.037607
12-CAAL-old-growth-SD,2,F02_LL.JP.2,yes,SIZE,1,151,0.077180302,0.08329736,-0.00611705800000001,7566.6029,724.037607,724.037607
12-CAAL-old-growth-SD,2,F02_LL.JP.2,yes,SIZE,1,155,0.04695135,0.0677909,-0.02083955,7566.6029,724.037607,724.037607
12-CAAL-old-growth-SD,2,F02_LL.JP.2,yes,SIZE,1,159,0.041852238,0.05672989,-0.014877652,7566.6029,724.037607,724.037607
12-CAAL-old-growth-SD,2,F02_LL.JP.2,yes,SIZE,1,163,0.054807466,0.04864997,0.00615749600000001,7566.6029,724.037607,724.037607
12-CAAL-old-growth-SD,2,F02_LL.JP.2,yes,SIZE,1,167,0.030464838,0.04199586,-0.011531022,7566.6029,724.037607,724.037607
12-CAAL-old-growth-SD,2,F02_LL.JP.2,yes,SIZE,1,171,0.030023842,0.03785954,-0.00783569799999997,7566.6029,724.037607,724.037607
12-CAAL-old-growth-SD,2,F02_LL.JP.2,yes,SIZE,1,175,0.034985886,0.0342193,0.000766586000000021,7566.6029,724.037607,724.037607
12-CAAL-old-growth-SD,2,F02_LL.JP.2,yes,SIZE,1,179,0.028247036,0.028630248,-0.000383211999999984,7566.6029,724.037607,724.037607
12-CAAL-old-growth-SD,2,F02_LL.JP.2,yes,SIZE,1,183,0.026975006,0.026484084,0.000490922000000012,7566.6029,724.037607,724.037607
12-CAAL-old-growth-SD,2,F02_LL.JP.2,yes,SIZE,1,187,0.026484018,0.026484018,0,7566.6029,724.037607,724.037607
12-CAAL-old-growth-SD,2,F02_LL.JP.2,yes,SIZE,1,191,0.026975006,0.026484018,0.000490988000000001,7566.6029,724.037607,724.037607
12-CAAL-old-growth-SD,2,F02_LL.JP.2,yes,SIZE,1,195,0.026484018,0.026484018,0,7566.6029,724.037607,724.037607
12-CAAL-old-growth-SD,2,F02_LL.JP.2,yes,SIZE,1,199,0.026975006,0.026484018,0.000490988000000001,7566.6029,724.037607,724.037607
12-CAAL-old-growth-SD,2,F02_LL.JP.2,yes,SIZE,1,203,0.026484018,0.026484018,0,7566.6029,724.037607,724.037607
12-CAAL-old-growth-SD,2,F02_LL.JP.2,yes,SIZE,1,207,0.026484018,0.026484018,0,7566.6029,724.037607,724.037607
12-CAAL-old-growth-SD,2,F02_LL.JP.2,yes,SIZE,1,211,0.027495366,0.026484018,0.001011348,7566.6029,724.037607,724.037607
12-CAAL-old-growth-SD,2,F02_LL.JP.2,yes,SIZE,1,215,0.026484018,0.026484018,0,7566.6029,724.037607,724.037607
12-CAAL-old-growth-SD,2,F02_LL.JP.2,yes,SIZE,1,219,0.026484018,0.026484018,0,7566.6029,724.037607,724.037607
12-CAAL-old-growth-SD,2,F02_LL.JP.2,yes,SIZE,1,223,0.026484018,0.026484018,0,7566.6029,724.037607,724.037607
12-CAAL-old-growth-SD,2,F02_LL.JP.2,yes,SIZE,1,227,0.026484018,0.026484018,0,7566.6029,724.037607,724.037607
12-CAAL-old-growth-SD,2,F02_LL.JP.2,yes,SIZE,1,231,0.026484018,0.026484018,0,7566.6029,724.037607,724.037607
12-CAAL-old-growth-SD,2,F02_LL.JP.2,yes,SIZE,1,235,0.026484018,0.026484018,0,7566.6029,724.037607,724.037607
12-CAAL-old-growth-SD,2,F02_LL.JP.2,yes,SIZE,1,239,0.026484018,0.026484018,0,7566.6029,724.037607,724.037607
12-CAAL-old-growth-SD,2,F02_LL.JP.2,yes,SIZE,1,243,0.026484018,0.026484018,0,7566.6029,724.037607,724.037607
12-CAAL-old-growth-SD,2,F02_LL.JP.2,yes,SIZE,1,247,0.026484018,0.026484018,0,7566.6029,724.037607,724.037607
12-CAAL-old-growth-SD,3,F03_LL.JP.3,yes,SIZE,1,5,0.031876524,0.021004718,0.010871806,1766.9004,97.376047,97.376047
12-CAAL-old-growth-SD,3,F03_LL.JP.3,yes,SIZE,1,7,0.021004566,0.021005417,-8.50999999989222e-07,1766.9004,97.376047,97.376047
12-CAAL-old-growth-SD,3,F03_LL.JP.3,yes,SIZE,1,9,0.039769824,0.021008692,0.018761132,1766.9004,97.376047,97.376047
12-CAAL-old-growth-SD,3,F03_LL.JP.3,yes,SIZE,1,11,0.04434264,0.021018782,0.023323858,1766.9004,97.376047,97.376047
12-CAAL-old-growth-SD,3,F03_LL.JP.3,yes,SIZE,1,13,0.072334278,0.021043076,0.051291202,1766.9004,97.376047,97.376047
12-CAAL-old-growth-SD,3,F03_LL.JP.3,yes,SIZE,1,15,0.056648192,0.021096557,0.035551635,1766.9004,97.376047,97.376047
12-CAAL-old-growth-SD,3,F03_LL.JP.3,yes,SIZE,1,17,0.097186368,0.021221487,0.075964881,1766.9004,97.376047,97.376047
12-CAAL-old-growth-SD,3,F03_LL.JP.3,yes,SIZE,1,19,0.04632961,0.021518161,0.024811449,1766.9004,97.376047,97.376047
12-CAAL-old-growth-SD,3,F03_LL.JP.3,yes,SIZE,1,21,0.065401458,0.022198541,0.043202917,1766.9004,97.376047,97.376047
12-CAAL-old-growth-SD,3,F03_LL.JP.3,yes,SIZE,1,23,0.063994168,0.023552338,0.04044183,1766.9004,97.376047,97.376047
12-CAAL-old-growth-SD,3,F03_LL.JP.3,yes,SIZE,1,25,0.03052632,0.02599232,0.00453400000000001,1766.9004,97.376047,97.376047
12-CAAL-old-growth-SD,3,F03_LL.JP.3,yes,SIZE,1,27,0.063756126,0.02991546,0.033840666,1766.9004,97.376047,97.376047
12-CAAL-old-growth-SD,3,F03_LL.JP.3,yes,SIZE,1,29,0.075604206,0.0355781,0.040026106,1766.9004,97.376047,97.376047
12-CAAL-old-growth-SD,3,F03_LL.JP.3,yes,SIZE,1,31,0.05864731,0.04330537,0.01534194,1766.9004,97.376047,97.376047
12-CAAL-old-growth-SD,3,F03_LL.JP.3,yes,SIZE,1,33,0.06248551,0.05322999,0.00925552000000001,1766.9004,97.376047,97.376047
12-CAAL-old-growth-SD,3,F03_LL.JP.3,yes,SIZE,1,35,0.046292982,0.06536213,-0.019069148,1766.9004,97.376047,97.376047
12-CAAL-old-growth-SD,3,F03_LL.JP.3,yes,SIZE,1,37,0.07096024,0.07968139,-0.00872115000000001,1766.9004,97.376047,97.376047
12-CAAL-old-growth-SD,3,F03_LL.JP.3,yes,SIZE,1,39,0.084504506,0.09739103,-0.012886524,1766.9004,97.376047,97.376047
12-CAAL-old-growth-SD,3,F03_LL.JP.3,yes,SIZE,1,41,0.061202804,0.1186675,-0.057464696,1766.9004,97.376047,97.376047
12-CAAL-old-growth-SD,3,F03_LL.JP.3,yes,SIZE,1,43,0.083209982,0.14394705,-0.060737068,1766.9004,97.376047,97.376047
12-CAAL-old-growth-SD,3,F03_LL.JP.3,yes,SIZE,1,45,0.142213286,0.17424577,-0.0320324839999999,1766.9004,97.376047,97.376047
12-CAAL-old-growth-SD,3,F03_LL.JP.3,yes,SIZE,1,47,0.10091908,0.20992572,-0.10900664,1766.9004,97.376047,97.376047
12-CAAL-old-growth-SD,3,F03_LL.JP.3,yes,SIZE,1,49,0.221082282,0.2508417,-0.029759418,1766.9004,97.376047,97.376047
12-CAAL-old-growth-SD,3,F03_LL.JP.3,yes,SIZE,1,51,0.21453238,0.29890908,-0.0843767,1766.9004,97.376047,97.376047
12-CAAL-old-growth-SD,3,F03_LL.JP.3,yes,SIZE,1,53,0.19339703,0.3495348,-0.15613777,1766.9004,97.376047,97.376047
12-CAAL-old-growth-SD,3,F03_LL.JP.3,yes,SIZE,1,55,0.257122768,0.4015094,-0.144386632,1766.9004,97.376047,97.376047
12-CAAL-old-growth-SD,3,F03_LL.JP.3,yes,SIZE,1,57,0.331524152,0.4534544,-0.121930248,1766.9004,97.376047,97.376047
12-CAAL-old-growth-SD,3,F03_LL.JP.3,yes,SIZE,1,59,0.390493076,0.5105649,-0.120071824,1766.9004,97.376047,97.376047
12-CAAL-old-growth-SD,3,F03_LL.JP.3,yes,SIZE,1,61,0.569108074,0.5580823,0.011025774,1766.9004,97.376047,97.376047
12-CAAL-old-growth-SD,3,F03_LL.JP.3,yes,SIZE,1,63,0.495306272,0.6049974,-0.109691128,1766.9004,97.376047,97.376047
12-CAAL-old-growth-SD,3,F03_LL.JP.3,yes,SIZE,1,65,0.60701758,0.6468742,-0.03985662,1766.9004,97.376047,97.376047
12-CAAL-old-growth-SD,3,F03_LL.JP.3,yes,SIZE,1,67,0.88107401,0.6820139,0.19906011,1766.9004,97.376047,97.376047
12-CAAL-old-growth-SD,3,F03_LL.JP.3,yes,SIZE,1,69,0.60562461,0.7126442,-0.10701959,1766.9004,97.376047,97.376047
12-CAAL-old-growth-SD,3,F03_LL.JP.3,yes,SIZE,1,71,0.883023514,0.7364234,0.146600114,1766.9004,97.376047,97.376047
12-CAAL-old-growth-SD,3,F03_LL.JP.3,yes,SIZE,1,73,0.889497284,0.7538293,0.135667984,1766.9004,97.376047,97.376047
12-CAAL-old-growth-SD,3,F03_LL.JP.3,yes,SIZE,1,75,1.0076368,0.7666159,0.2410209,1766.9004,97.376047,97.376047
12-CAAL-old-growth-SD,3,F03_LL.JP.3,yes,SIZE,1,77,0.7832865,0.7723401,0.0109464000000001,1766.9004,97.376047,97.376047
12-CAAL-old-growth-SD,3,F03_LL.JP.3,yes,SIZE,1,79,0.83813122,0.7730244,0.0651068200000001,1766.9004,97.376047,97.376047
12-CAAL-old-growth-SD,3,F03_LL.JP.3,yes,SIZE,1,81,0.989273242,0.7680275,0.221245742,1766.9004,97.376047,97.376047
12-CAAL-old-growth-SD,3,F03_LL.JP.3,yes,SIZE,1,83,0.847051984,0.758556,0.0884959839999998,1766.9004,97.376047,97.376047
12-CAAL-old-growth-SD,3,F03_LL.JP.3,yes,SIZE,1,85,0.775082826,0.7444198,0.0306630259999999,1766.9004,97.376047,97.376047
12-CAAL-old-growth-SD,3,F03_LL.JP.3,yes,SIZE,1,87,0.806581584,0.7230339,0.0835476839999998,1766.9004,97.376047,97.376047
12-CAAL-old-growth-SD,3,F03_LL.JP.3,yes,SIZE,1,89,0.669317504,0.7001774,-0.0308598960000001,1766.9004,97.376047,97.376047
12-CAAL-old-growth-SD,3,F03_LL.JP.3,yes,SIZE,1,91,0.642953018,0.673871,-0.0309179820000005,1766.9004,97.376047,97.376047
12-CAAL-old-growth-SD,3,F03_LL.JP.3,yes,SIZE,1,93,0.911055826,0.6445207,0.266535126,1766.9004,97.376047,97.376047
12-CAAL-old-growth-SD,3,F03_LL.JP.3,yes,SIZE,1,95,0.654714942,0.6116686,0.0430463419999999,1766.9004,97.376047,97.376047
12-CAAL-old-growth-SD,3,F03_LL.JP.3,yes,SIZE,1,97,0.41940898,0.5744727,-0.15506372,1766.9004,97.376047,97.376047
12-CAAL-old-growth-SD,3,F03_LL.JP.3,yes,SIZE,1,99,0.454778858,0.5390602,-0.0842813419999999,1766.9004,97.376047,97.376047
12-CAAL-old-growth-SD,3,F03_LL.JP.3,yes,SIZE,1,101,0.52098739,0.5028571,0.0181302899999998,1766.9004,97.376047,97.376047
12-CAAL-old-growth-SD,3,F03_LL.JP.3,yes,SIZE,1,103,0.2629289,0.4663862,-0.2034573,1766.9004,97.376047,97.376047
12-CAAL-old-growth-SD,3,F03_LL.JP.3,yes,SIZE,1,105,0.271069998,0.4301416,-0.159071602,1766.9004,97.376047,97.376047
12-CAAL-old-growth-SD,3,F03_LL.JP.3,yes,SIZE,1,107,0.31393998,0.3945721,-0.08063212,1766.9004,97.376047,97.376047
12-CAAL-old-growth-SD,3,F03_LL.JP.3,yes,SIZE,1,109,0.311673616,0.3600729,-0.048399284,1766.9004,97.376047,97.376047
12-CAAL-old-growth-SD,3,F03_LL.JP.3,yes,SIZE,1,111,0.270559102,0.3271323,-0.0565731980000001,1766.9004,97.376047,97.376047
12-CAAL-old-growth-SD,3,F03_LL.JP.3,yes,SIZE,1,113,0.226556638,0.2964713,-0.0699146619999999,1766.9004,97.376047,97.376047
12-CAAL-old-growth-SD,3,F03_LL.JP.3,yes,SIZE,1,115,0.268535544,0.26823279,0.000302753999999961,1766.9004,97.376047,97.376047
12-CAAL-old-growth-SD,3,F03_LL.JP.3,yes,SIZE,1,117,0.240455856,0.2423222,-0.00186634399999996,1766.9004,97.376047,97.376047
12-CAAL-old-growth-SD,3,F03_LL.JP.3,yes,SIZE,1,119,0.235326852,0.21863451,0.016692342,1766.9004,97.376047,97.376047
12-CAAL-old-growth-SD,3,F03_LL.JP.3,yes,SIZE,1,121,0.227346626,0.1970554,0.030291226,1766.9004,97.376047,97.376047
12-CAAL-old-growth-SD,3,F03_LL.JP.3,yes,SIZE,1,123,0.164025016,0.17746402,-0.0134390039999999,1766.9004,97.376047,97.376047
12-CAAL-old-growth-SD,3,F03_LL.JP.3,yes,SIZE,1,125,0.180381786,0.15973486,0.020646926,1766.9004,97.376047,97.376047
12-CAAL-old-growth-SD,3,F03_LL.JP.3,yes,SIZE,1,127,0.096062856,0.14374074,-0.047677884,1766.9004,97.376047,97.376047
12-CAAL-old-growth-SD,3,F03_LL.JP.3,yes,SIZE,1,129,0.113294008,0.12935426,-0.016060252,1766.9004,97.376047,97.376047
12-CAAL-old-growth-SD,3,F03_LL.JP.3,yes,SIZE,1,131,0.141267048,0.1164499,0.024817148,1766.9004,97.376047,97.376047
12-CAAL-old-growth-SD,3,F03_LL.JP.3,yes,SIZE,1,133,0.11546637,0.10490542,0.01056095,1766.9004,97.376047,97.376047
12-CAAL-old-growth-SD,3,F03_LL.JP.3,yes,SIZE,1,135,0.14971928,0.09460305,0.05511623,1766.9004,97.376047,97.376047
12-CAAL-old-growth-SD,3,F03_LL.JP.3,yes,SIZE,1,137,0.081696256,0.08543044,-0.00373418400000004,1766.9004,97.376047,97.376047
12-CAAL-old-growth-SD,3,F03_LL.JP.3,yes,SIZE,1,139,0.119691206,0.12633366,-0.00664245400000002,1766.9004,97.376047,97.376047
12-CAAL-old-growth-SD,3,F03_LL.JP.3,yes,SIZE,1,143,0.109533314,0.09911526,0.010418054,1766.9004,97.376047,97.376047
12-CAAL-old-growth-SD,3,F03_LL.JP.3,yes,SIZE,1,147,0.058645358,0.07955776,-0.020912402,1766.9004,97.376047,97.376047
12-CAAL-old-growth-SD,3,F03_LL.JP.3,yes,SIZE,1,151,0.069613118,0.06469792,0.00491519799999997,1766.9004,97.376047,97.376047
12-CAAL-old-growth-SD,3,F03_LL.JP.3,yes,SIZE,1,155,0.086917256,0.05254114,0.0343761159999999,1766.9004,97.376047,97.376047
12-CAAL-old-growth-SD,3,F03_LL.JP.3,yes,SIZE,1,159,0.04100886,0.04392858,-0.00291971999999997,1766.9004,97.376047,97.376047
12-CAAL-old-growth-SD,3,F03_LL.JP.3,yes,SIZE,1,163,0.050752582,0.03767751,0.013075072,1766.9004,97.376047,97.376047
12-CAAL-old-growth-SD,3,F03_LL.JP.3,yes,SIZE,1,167,0.021004566,0.03256925,-0.011564684,1766.9004,97.376047,97.376047
12-CAAL-old-growth-SD,3,F03_LL.JP.3,yes,SIZE,1,171,0.047864624,0.02941855,0.018446074,1766.9004,97.376047,97.376047
12-CAAL-old-growth-SD,3,F03_LL.JP.3,yes,SIZE,1,175,0.05200212,0.02667433,0.02532779,1766.9004,97.376047,97.376047
12-CAAL-old-growth-SD,3,F03_LL.JP.3,yes,SIZE,1,179,0.021004566,0.025093687,-0.004089121,1766.9004,97.376047,97.376047
12-CAAL-old-growth-SD,3,F03_LL.JP.3,yes,SIZE,1,183,0.021004566,0.023700307,-0.00269574099999999,1766.9004,97.376047,97.376047
12-CAAL-old-growth-SD,3,F03_LL.JP.3,yes,SIZE,1,187,0.037312524,0.022909815,0.014402709,1766.9004,97.376047,97.376047
12-CAAL-old-growth-SD,3,F03_LL.JP.3,yes,SIZE,1,191,0.021004566,0.022267838,-0.00126327199999999,1766.9004,97.376047,97.376047
12-CAAL-old-growth-SD,3,F03_LL.JP.3,yes,SIZE,1,195,0.021004566,0.021859109,-0.000854542999999992,1766.9004,97.376047,97.376047
12-CAAL-old-growth-SD,3,F03_LL.JP.3,yes,SIZE,1,199,0.021004566,0.021586841,-0.00058227499999999,1766.9004,97.376047,97.376047
12-CAAL-old-growth-SD,3,F03_LL.JP.3,yes,SIZE,1,203,0.021004566,0.02137373,-0.000369163999999988,1766.9004,97.376047,97.376047
12-CAAL-old-growth-SD,3,F03_LL.JP.3,yes,SIZE,1,207,0.021004566,0.021254697,-0.00025013099999999,1766.9004,97.376047,97.376047
12-CAAL-old-growth-SD,3,F03_LL.JP.3,yes,SIZE,1,211,0.021004566,0.021170616,-0.000166049999999987,1766.9004,97.376047,97.376047
12-CAAL-old-growth-SD,3,F03_LL.JP.3,yes,SIZE,1,215,0.021004566,0.021107408,-0.000102841999999988,1766.9004,97.376047,97.376047
12-CAAL-old-growth-SD,3,F03_LL.JP.3,yes,SIZE,1,219,0.021004566,0.02107267,-6.8103999999989e-05,1766.9004,97.376047,97.376047
12-CAAL-old-growth-SD,3,F03_LL.JP.3,yes,SIZE,1,223,0.021004566,0.021049086,-4.45199999999923e-05,1766.9004,97.376047,97.376047
12-CAAL-old-growth-SD,3,F03_LL.JP.3,yes,SIZE,1,227,0.021004566,0.021032533,-2.79669999999899e-05,1766.9004,97.376047,97.376047
12-CAAL-old-growth-SD,3,F03_LL.JP.3,yes,SIZE,1,231,0.021004566,0.021021909,-1.73429999999857e-05,1766.9004,97.376047,97.376047
12-CAAL-old-growth-SD,3,F03_LL.JP.3,yes,SIZE,1,235,0.021004566,0.021015719,-1.1152999999986e-05,1766.9004,97.376047,97.376047
12-CAAL-old-growth-SD,3,F03_LL.JP.3,yes,SIZE,1,239,0.021004566,0.021011663,-7.09699999999064e-06,1766.9004,97.376047,97.376047
12-CAAL-old-growth-SD,3,F03_LL.JP.3,yes,SIZE,1,243,0.021004566,0.021009029,-4.46299999999275e-06,1766.9004,97.376047,97.376047
12-CAAL-old-growth-SD,3,F03_LL.JP.3,yes,SIZE,1,247,0.021004566,0.021011549,-6.98299999999166e-06,1766.9004,97.376047,97.376047
12-CAAL-old-growth-SD,6,F06_LL.AU.2,yes,SIZE,1,5,0.090983542,0.063013793,0.0279697489999999,25764.4605,3633.77567,3633.77567
12-CAAL-old-growth-SD,6,F06_LL.AU.2,yes,SIZE,1,7,0.0822384079999999,0.063013775,0.0192246329999999,25764.4605,3633.77567,3633.77567
12-CAAL-old-growth-SD,6,F06_LL.AU.2,yes,SIZE,1,9,0.103219854,0.063013758,0.0402060959999999,25764.4605,3633.77567,3633.77567
12-CAAL-old-growth-SD,6,F06_LL.AU.2,yes,SIZE,1,11,0.152279746,0.063013773,0.0892659729999999,25764.4605,3633.77567,3633.77567
12-CAAL-old-growth-SD,6,F06_LL.AU.2,yes,SIZE,1,13,0.169637586,0.063013945,0.106623641,25764.4605,3633.77567,3633.77567
12-CAAL-old-growth-SD,6,F06_LL.AU.2,yes,SIZE,1,15,0.141624656,0.06301527,0.078609386,25764.4605,3633.77567,3633.77567
12-CAAL-old-growth-SD,6,F06_LL.AU.2,yes,SIZE,1,17,0.184420346,0.063022867,0.121397479,25764.4605,3633.77567,3633.77567
12-CAAL-old-growth-SD,6,F06_LL.AU.2,yes,SIZE,1,19,0.139671298,0.063056429,0.076614869,25764.4605,3633.77567,3633.77567
12-CAAL-old-growth-SD,6,F06_LL.AU.2,yes,SIZE,1,21,0.141367304,0.063182732,0.078184572,25764.4605,3633.77567,3633.77567
12-CAAL-old-growth-SD,6,F06_LL.AU.2,yes,SIZE,1,23,0.155747606,0.063573764,0.092173842,25764.4605,3633.77567,3633.77567
12-CAAL-old-growth-SD,6,F06_LL.AU.2,yes,SIZE,1,25,0.163905076,0.064649402,0.0992556739999999,25764.4605,3633.77567,3633.77567
12-CAAL-old-growth-SD,6,F06_LL.AU.2,yes,SIZE,1,27,0.161323298,0.067267925,0.094055373,25764.4605,3633.77567,3633.77567
12-CAAL-old-growth-SD,6,F06_LL.AU.2,yes,SIZE,1,29,0.173046116,0.07289202,0.100154096,25764.4605,3633.77567,3633.77567
12-CAAL-old-growth-SD,6,F06_LL.AU.2,yes,SIZE,1,31,0.19358367,0.08408796,0.10949571,25764.4605,3633.77567,3633.77567
12-CAAL-old-growth-SD,6,F06_LL.AU.2,yes,SIZE,1,33,0.187576862,0.10471228,0.0828645820000001,25764.4605,3633.77567,3633.77567
12-CAAL-old-growth-SD,6,F06_LL.AU.2,yes,SIZE,1,35,0.229625294,0.13932537,0.090299924,25764.4605,3633.77567,3633.77567
12-CAAL-old-growth-SD,6,F06_LL.AU.2,yes,SIZE,1,37,0.317978466,0.19258226,0.125396206,25764.4605,3633.77567,3633.77567
12-CAAL-old-growth-SD,6,F06_LL.AU.2,yes,SIZE,1,39,0.403212522,0.27394372,0.129268802,25764.4605,3633.77567,3633.77567
12-CAAL-old-growth-SD,6,F06_LL.AU.2,yes,SIZE,1,41,0.500594884,0.3879338,0.112661084,25764.4605,3633.77567,3633.77567
12-CAAL-old-growth-SD,6,F06_LL.AU.2,yes,SIZE,1,43,0.662704158,0.53698444,0.125719718,25764.4605,3633.77567,3633.77567
12-CAAL-old-growth-SD,6,F06_LL.AU.2,yes,SIZE,1,45,0.812145794,0.72490002,0.0872457739999999,25764.4605,3633.77567,3633.77567
12-CAAL-old-growth-SD,6,F06_LL.AU.2,yes,SIZE,1,47,1.030276484,0.95041823,0.0798582539999998,25764.4605,3633.77567,3633.77567
12-CAAL-old-growth-SD,6,F06_LL.AU.2,yes,SIZE,1,49,1.342331214,1.2083224,0.134008814,25764.4605,3633.77567,3633.77567
12-CAAL-old-growth-SD,6,F06_LL.AU.2,yes,SIZE,1,51,1.640627792,1.5055637,0.135064092,25764.4605,3633.77567,3633.77567
12-CAAL-old-growth-SD,6,F06_LL.AU.2,yes,SIZE,1,53,1.98239684,1.8085159,0.17388094,25764.4605,3633.77567,3633.77567
12-CAAL-old-growth-SD,6,F06_LL.AU.2,yes,SIZE,1,55,2.31409659,2.1062952,0.20780139,25764.4605,3633.77567,3633.77567
12-CAAL-old-growth-SD,6,F06_LL.AU.2,yes,SIZE,1,57,2.5235617,2.3879779,0.1355838,25764.4605,3633.77567,3633.77567
12-CAAL-old-growth-SD,6,F06_LL.AU.2,yes,SIZE,1,59,2.72926894,2.6720532,0.0572157400000011,25764.4605,3633.77567,3633.77567
12-CAAL-old-growth-SD,6,F06_LL.AU.2,yes,SIZE,1,61,3.03823,2.8808301,0.1573999,25764.4605,3633.77567,3633.77567
12-CAAL-old-growth-SD,6,F06_LL.AU.2,yes,SIZE,1,63,3.1530747,3.0550882,0.0979865000000006,25764.4605,3633.77567,3633.77567
12-CAAL-old-growth-SD,6,F06_LL.AU.2,yes,SIZE,1,65,3.13153953,3.1683248,-0.0367852699999993,25764.4605,3633.77567,3633.77567
12-CAAL-old-growth-SD,6,F06_LL.AU.2,yes,SIZE,1,67,3.3075165,3.2204832,0.087033299999999,25764.4605,3633.77567,3633.77567
12-CAAL-old-growth-SD,6,F06_LL.AU.2,yes,SIZE,1,69,3.3658312,3.2111369,0.1546943,25764.4605,3633.77567,3633.77567
12-CAAL-old-growth-SD,6,F06_LL.AU.2,yes,SIZE,1,71,3.1021781,3.1471282,-0.0449500999999963,25764.4605,3633.77567,3633.77567
12-CAAL-old-growth-SD,6,F06_LL.AU.2,yes,SIZE,1,73,2.9140724,3.035597,-0.121524600000002,25764.4605,3633.77567,3633.77567
12-CAAL-old-growth-SD,6,F06_LL.AU.2,yes,SIZE,1,75,2.804949272,2.8683073,-0.0633580279999992,25764.4605,3633.77567,3633.77567
12-CAAL-old-growth-SD,6,F06_LL.AU.2,yes,SIZE,1,77,2.607268342,2.6964163,-0.089147957999999,25764.4605,3633.77567,3633.77567
12-CAAL-old-growth-SD,6,F06_LL.AU.2,yes,SIZE,1,79,2.157621894,2.4985615,-0.340939605999999,25764.4605,3633.77567,3633.77567
12-CAAL-old-growth-SD,6,F06_LL.AU.2,yes,SIZE,1,81,2.067778364,2.2942717,-0.226493335999999,25764.4605,3633.77567,3633.77567
12-CAAL-old-growth-SD,6,F06_LL.AU.2,yes,SIZE,1,83,2.009972952,2.1015635,-0.0915905479999997,25764.4605,3633.77567,3633.77567
12-CAAL-old-growth-SD,6,F06_LL.AU.2,yes,SIZE,1,85,1.679867622,1.9057474,-0.225879778,25764.4605,3633.77567,3633.77567
12-CAAL-old-growth-SD,6,F06_LL.AU.2,yes,SIZE,1,87,1.584573778,1.6906928,-0.106119021999999,25764.4605,3633.77567,3633.77567
12-CAAL-old-growth-SD,6,F06_LL.AU.2,yes,SIZE,1,89,1.327684408,1.5142745,-0.186590092,25764.4605,3633.77567,3633.77567
12-CAAL-old-growth-SD,6,F06_LL.AU.2,yes,SIZE,1,91,1.180002896,1.3493809,-0.169378004000001,25764.4605,3633.77567,3633.77567
12-CAAL-old-growth-SD,6,F06_LL.AU.2,yes,SIZE,1,93,1.064478852,1.1977144,-0.133235548,25764.4605,3633.77567,3633.77567
12-CAAL-old-growth-SD,6,F06_LL.AU.2,yes,SIZE,1,95,0.911019816,1.0568943,-0.145874484,25764.4605,3633.77567,3633.77567
12-CAAL-old-growth-SD,6,F06_LL.AU.2,yes,SIZE,1,97,0.818552026,0.9247608,-0.106208774,25764.4605,3633.77567,3633.77567
12-CAAL-old-growth-SD,6,F06_LL.AU.2,yes,SIZE,1,99,0.755485078,0.8191627,-0.0636776220000001,25764.4605,3633.77567,3633.77567
12-CAAL-old-growth-SD,6,F06_LL.AU.2,yes,SIZE,1,101,0.642190742,0.72630445,-0.0841137080000002,25764.4605,3633.77567,3633.77567
12-CAAL-old-growth-SD,6,F06_LL.AU.2,yes,SIZE,1,103,0.558220438,0.6450851,-0.0868646620000002,25764.4605,3633.77567,3633.77567
12-CAAL-old-growth-SD,6,F06_LL.AU.2,yes,SIZE,1,105,0.442763708,0.57428712,-0.131523412,25764.4605,3633.77567,3633.77567
12-CAAL-old-growth-SD,6,F06_LL.AU.2,yes,SIZE,1,107,0.430419802,0.51266658,-0.0822467780000001,25764.4605,3633.77567,3633.77567
12-CAAL-old-growth-SD,6,F06_LL.AU.2,yes,SIZE,1,109,0.371283664,0.45902367,-0.0877400060000002,25764.4605,3633.77567,3633.77567
12-CAAL-old-growth-SD,6,F06_LL.AU.2,yes,SIZE,1,111,0.297765318,0.41225153,-0.114486212,25764.4605,3633.77567,3633.77567
12-CAAL-old-growth-SD,6,F06_LL.AU.2,yes,SIZE,1,113,0.297686482,0.37136289,-0.073676408,25764.4605,3633.77567,3633.77567
12-CAAL-old-growth-SD,6,F06_LL.AU.2,yes,SIZE,1,115,0.315160374,0.33550114,-0.0203407660000001,25764.4605,3633.77567,3633.77567
12-CAAL-old-growth-SD,6,F06_LL.AU.2,yes,SIZE,1,117,0.25918733,0.3039386,-0.04475127,25764.4605,3633.77567,3633.77567
12-CAAL-old-growth-SD,6,F06_LL.AU.2,yes,SIZE,1,119,0.213799684,0.27606706,-0.0622673759999999,25764.4605,3633.77567,3633.77567
12-CAAL-old-growth-SD,6,F06_LL.AU.2,yes,SIZE,1,121,0.18404057,0.25138259,-0.0673420199999999,25764.4605,3633.77567,3633.77567
12-CAAL-old-growth-SD,6,F06_LL.AU.2,yes,SIZE,1,123,0.165914948,0.22946978,-0.063554832,25764.4605,3633.77567,3633.77567
12-CAAL-old-growth-SD,6,F06_LL.AU.2,yes,SIZE,1,125,0.192483418,0.20998513,-0.0175017119999998,25764.4605,3633.77567,3633.77567
12-CAAL-old-growth-SD,6,F06_LL.AU.2,yes,SIZE,1,127,0.160130302,0.19264264,-0.0325123380000001,25764.4605,3633.77567,3633.77567
12-CAAL-old-growth-SD,6,F06_LL.AU.2,yes,SIZE,1,129,0.155805174,0.17720146,-0.021396286,25764.4605,3633.77567,3633.77567
12-CAAL-old-growth-SD,6,F06_LL.AU.2,yes,SIZE,1,131,0.13092093,0.16345551,-0.03253458,25764.4605,3633.77567,3633.77567
12-CAAL-old-growth-SD,6,F06_LL.AU.2,yes,SIZE,1,133,0.139979446,0.15122605,-0.011246604,25764.4605,3633.77567,3633.77567
12-CAAL-old-growth-SD,6,F06_LL.AU.2,yes,SIZE,1,135,0.117094872,0.14035575,-0.0232608780000002,25764.4605,3633.77567,3633.77567
12-CAAL-old-growth-SD,6,F06_LL.AU.2,yes,SIZE,1,137,0.128598722,0.13070466,-0.00210593800000014,25764.4605,3633.77567,3633.77567
12-CAAL-old-growth-SD,6,F06_LL.AU.2,yes,SIZE,1,139,0.154638912,0.17370311,-0.019064198,25764.4605,3633.77567,3633.77567
12-CAAL-old-growth-SD,6,F06_LL.AU.2,yes,SIZE,1,143,0.122717782,0.1451754,-0.0224576180000001,25764.4605,3633.77567,3633.77567
12-CAAL-old-growth-SD,6,F06_LL.AU.2,yes,SIZE,1,147,0.105872784,0.1246871,-0.018814316,25764.4605,3633.77567,3633.77567
12-CAAL-old-growth-SD,6,F06_LL.AU.2,yes,SIZE,1,151,0.0947169539999999,0.10911363,-0.0143966760000001,25764.4605,3633.77567,3633.77567
12-CAAL-old-growth-SD,6,F06_LL.AU.2,yes,SIZE,1,155,0.08579064,0.09636087,-0.01057023,25764.4605,3633.77567,3633.77567
12-CAAL-old-growth-SD,6,F06_LL.AU.2,yes,SIZE,1,159,0.073242276,0.08731278,-0.0140705039999999,25764.4605,3633.77567,3633.77567
12-CAAL-old-growth-SD,6,F06_LL.AU.2,yes,SIZE,1,163,0.081423344,0.08073483,0.000688514000000015,25764.4605,3633.77567,3633.77567
12-CAAL-old-growth-SD,6,F06_LL.AU.2,yes,SIZE,1,167,0.0698836160000001,0.07534752,-0.00546390399999998,25764.4605,3633.77567,3633.77567
12-CAAL-old-growth-SD,6,F06_LL.AU.2,yes,SIZE,1,171,0.07241171,0.072016407,0.000395302999999986,25764.4605,3633.77567,3633.77567
12-CAAL-old-growth-SD,6,F06_LL.AU.2,yes,SIZE,1,175,0.0645568140000001,0.069106651,-0.00454983699999997,25764.4605,3633.77567,3633.77567
12-CAAL-old-growth-SD,6,F06_LL.AU.2,yes,SIZE,1,179,0.0633281760000001,0.067425049,-0.00409687299999993,25764.4605,3633.77567,3633.77567
12-CAAL-old-growth-SD,6,F06_LL.AU.2,yes,SIZE,1,183,0.0660342220000001,0.065937197,9.70250000000561e-05,25764.4605,3633.77567,3633.77567
12-CAAL-old-growth-SD,6,F06_LL.AU.2,yes,SIZE,1,187,0.0630136980000001,0.065089486,-0.00207578799999993,25764.4605,3633.77567,3633.77567
12-CAAL-old-growth-SD,6,F06_LL.AU.2,yes,SIZE,1,191,0.0670018120000001,0.064397995,0.00260381700000005,25764.4605,3633.77567,3633.77567
12-CAAL-old-growth-SD,6,F06_LL.AU.2,yes,SIZE,1,195,0.0649256040000001,0.063955541,0.000970063000000076,25764.4605,3633.77567,3633.77567
12-CAAL-old-growth-SD,6,F06_LL.AU.2,yes,SIZE,1,199,0.0645377640000001,0.063659268,0.000878496000000076,25764.4605,3633.77567,3633.77567
12-CAAL-old-growth-SD,6,F06_LL.AU.2,yes,SIZE,1,203,0.0635665060000001,0.063426006,0.000140500000000085,25764.4605,3633.77567,3633.77567
12-CAAL-old-growth-SD,6,F06_LL.AU.2,yes,SIZE,1,207,0.0661846760000001,0.063294862,0.00288981400000006,25764.4605,3633.77567,3633.77567
12-CAAL-old-growth-SD,6,F06_LL.AU.2,yes,SIZE,1,211,0.0642232860000001,0.063201675,0.00102161100000008,25764.4605,3633.77567,3633.77567
12-CAAL-old-growth-SD,6,F06_LL.AU.2,yes,SIZE,1,215,0.068115606,0.063131124,0.00498448200000001,25764.4605,3633.77567,3633.77567
12-CAAL-old-growth-SD,6,F06_LL.AU.2,yes,SIZE,1,219,0.0655717960000001,0.063092038,0.00247975800000004,25764.4605,3633.77567,3633.77567
12-CAAL-old-growth-SD,6,F06_LL.AU.2,yes,SIZE,1,223,0.0655717960000001,0.063065321,0.00250647500000006,25764.4605,3633.77567,3633.77567
12-CAAL-old-growth-SD,6,F06_LL.AU.2,yes,SIZE,1,227,0.0630136980000001,0.063046418,-3.27199999999306e-05,25764.4605,3633.77567,3633.77567
12-CAAL-old-growth-SD,6,F06_LL.AU.2,yes,SIZE,1,231,0.0630136980000001,0.063034181,-2.04829999999184e-05,25764.4605,3633.77567,3633.77567
12-CAAL-old-growth-SD,6,F06_LL.AU.2,yes,SIZE,1,235,0.0630136980000001,0.063026987,-1.32889999999442e-05,25764.4605,3633.77567,3633.77567
12-CAAL-old-growth-SD,6,F06_LL.AU.2,yes,SIZE,1,239,0.0630136980000001,0.063022231,-8.53299999989399e-06,25764.4605,3633.77567,3633.77567
12-CAAL-old-growth-SD,6,F06_LL.AU.2,yes,SIZE,1,243,0.0630136980000001,0.063019117,-5.41899999993711e-06,25764.4605,3633.77567,3633.77567
12-CAAL-old-growth-SD,6,F06_LL.AU.2,yes,SIZE,1,247,0.0630136980000001,0.063022425,-8.72699999993065e-06,25764.4605,3633.77567,3633.77567
12-CAAL-old-growth-SD,7,F07_LL.AU.3,yes,SIZE,1,5,0.0547945200000001,0.054794608,-8.79999999606196e-08,8681.5284,954.50276,954.50276
12-CAAL-old-growth-SD,7,F07_LL.AU.3,yes,SIZE,1,7,0.0583205480000001,0.054794678,0.00352587000000006,8681.5284,954.50276,954.50276
12-CAAL-old-growth-SD,7,F07_LL.AU.3,yes,SIZE,1,9,0.0647065960000001,0.054795488,0.00991110800000007,8681.5284,954.50276,954.50276
12-CAAL-old-growth-SD,7,F07_LL.AU.3,yes,SIZE,1,11,0.09082888,0.054800619,0.036028261,8681.5284,954.50276,954.50276
12-CAAL-old-growth-SD,7,F07_LL.AU.3,yes,SIZE,1,13,0.09005112,0.054824431,0.035226689,8681.5284,954.50276,954.50276
12-CAAL-old-growth-SD,7,F07_LL.AU.3,yes,SIZE,1,15,0.0990396359999999,0.054909044,0.044130592,8681.5284,954.50276,954.50276
12-CAAL-old-growth-SD,7,F07_LL.AU.3,yes,SIZE,1,17,0.072757072,0.055156138,0.017600934,8681.5284,954.50276,954.50276
12-CAAL-old-growth-SD,7,F07_LL.AU.3,yes,SIZE,1,19,0.116274668,0.055761506,0.0605131619999998,8681.5284,954.50276,954.50276
12-CAAL-old-growth-SD,7,F07_LL.AU.3,yes,SIZE,1,21,0.146971516,0.057108885,0.0898626309999999,8681.5284,954.50276,954.50276
12-CAAL-old-growth-SD,7,F07_LL.AU.3,yes,SIZE,1,23,0.193326676,0.059764972,0.133561704,8681.5284,954.50276,954.50276
12-CAAL-old-growth-SD,7,F07_LL.AU.3,yes,SIZE,1,25,0.199431262,0.064739999,0.134691263,8681.5284,954.50276,954.50276
12-CAAL-old-growth-SD,7,F07_LL.AU.3,yes,SIZE,1,27,0.175631056,0.07345937,0.102171686,8681.5284,954.50276,954.50276
12-CAAL-old-growth-SD,7,F07_LL.AU.3,yes,SIZE,1,29,0.22161609,0.087652,0.13396409,8681.5284,954.50276,954.50276
12-CAAL-old-growth-SD,7,F07_LL.AU.3,yes,SIZE,1,31,0.168637,0.1099149,0.0587221000000001,8681.5284,954.50276,954.50276
12-CAAL-old-growth-SD,7,F07_LL.AU.3,yes,SIZE,1,33,0.17456295,0.14303677,0.0315261800000001,8681.5284,954.50276,954.50276
12-CAAL-old-growth-SD,7,F07_LL.AU.3,yes,SIZE,1,35,0.20487339,0.18925169,0.0156217000000001,8681.5284,954.50276,954.50276
12-CAAL-old-growth-SD,7,F07_LL.AU.3,yes,SIZE,1,37,0.296071468,0.24978102,0.0462904479999999,8681.5284,954.50276,954.50276
12-CAAL-old-growth-SD,7,F07_LL.AU.3,yes,SIZE,1,39,0.335277022,0.329825,0.00545202199999978,8681.5284,954.50276,954.50276
12-CAAL-old-growth-SD,7,F07_LL.AU.3,yes,SIZE,1,41,0.380512222,0.42841145,-0.0478992280000001,8681.5284,954.50276,954.50276
12-CAAL-old-growth-SD,7,F07_LL.AU.3,yes,SIZE,1,43,0.422397572,0.54392049,-0.121522918,8681.5284,954.50276,954.50276
12-CAAL-old-growth-SD,7,F07_LL.AU.3,yes,SIZE,1,45,0.54263958,0.67682223,-0.13418265,8681.5284,954.50276,954.50276
12-CAAL-old-growth-SD,7,F07_LL.AU.3,yes,SIZE,1,47,0.620976268,0.82487919,-0.203902922,8681.5284,954.50276,954.50276
12-CAAL-old-growth-SD,7,F07_LL.AU.3,yes,SIZE,1,49,0.763240122,0.9848343,-0.221594178,8681.5284,954.50276,954.50276
12-CAAL-old-growth-SD,7,F07_LL.AU.3,yes,SIZE,1,51,1.066492272,1.1618492,-0.0953569280000004,8681.5284,954.50276,954.50276
12-CAAL-old-growth-SD,7,F07_LL.AU.3,yes,SIZE,1,53,1.280199852,1.3385254,-0.058325548,8681.5284,954.50276,954.50276
12-CAAL-old-growth-SD,7,F07_LL.AU.3,yes,SIZE,1,55,1.194739226,1.5121959,-0.317456674000001,8681.5284,954.50276,954.50276
12-CAAL-old-growth-SD,7,F07_LL.AU.3,yes,SIZE,1,57,1.37242269,1.6795479,-0.30712521,8681.5284,954.50276,954.50276
12-CAAL-old-growth-SD,7,F07_LL.AU.3,yes,SIZE,1,59,1.62503312,1.8565009,-0.23146778,8681.5284,954.50276,954.50276
12-CAAL-old-growth-SD,7,F07_LL.AU.3,yes,SIZE,1,61,1.72182768,1.9976157,-0.27578802,8681.5284,954.50276,954.50276
12-CAAL-old-growth-SD,7,F07_LL.AU.3,yes,SIZE,1,63,2.189774186,2.1302647,0.0595094860000009,8681.5284,954.50276,954.50276
12-CAAL-old-growth-SD,7,F07_LL.AU.3,yes,SIZE,1,65,2.191771868,2.2393654,-0.0475935319999996,8681.5284,954.50276,954.50276
12-CAAL-old-growth-SD,7,F07_LL.AU.3,yes,SIZE,1,67,2.196176384,2.3205691,-0.124392716,8681.5284,954.50276,954.50276
12-CAAL-old-growth-SD,7,F07_LL.AU.3,yes,SIZE,1,69,2.529935954,2.3766161,0.153319853999999,8681.5284,954.50276,954.50276
12-CAAL-old-growth-SD,7,F07_LL.AU.3,yes,SIZE,1,71,2.6008659,2.40328,0.1975859,8681.5284,954.50276,954.50276
12-CAAL-old-growth-SD,7,F07_LL.AU.3,yes,SIZE,1,73,2.710481,2.4019439,0.3085371,8681.5284,954.50276,954.50276
12-CAAL-old-growth-SD,7,F07_LL.AU.3,yes,SIZE,1,75,2.464694242,2.3716295,0.0930647419999997,8681.5284,954.50276,954.50276
12-CAAL-old-growth-SD,7,F07_LL.AU.3,yes,SIZE,1,77,2.18580409,2.3219231,-0.13611901,8681.5284,954.50276,954.50276
12-CAAL-old-growth-SD,7,F07_LL.AU.3,yes,SIZE,1,79,2.127920734,2.2439544,-0.116033665999999,8681.5284,954.50276,954.50276
12-CAAL-old-growth-SD,7,F07_LL.AU.3,yes,SIZE,1,81,1.984623236,2.1467809,-0.162157664,8681.5284,954.50276,954.50276
12-CAAL-old-growth-SD,7,F07_LL.AU.3,yes,SIZE,1,83,2.094326696,2.0426352,0.0516914959999997,8681.5284,954.50276,954.50276
12-CAAL-old-growth-SD,7,F07_LL.AU.3,yes,SIZE,1,85,1.63459438,1.9252975,-0.29070312,8681.5284,954.50276,954.50276
12-CAAL-old-growth-SD,7,F07_LL.AU.3,yes,SIZE,1,87,1.953416054,1.782096,0.171320054,8681.5284,954.50276,954.50276
12-CAAL-old-growth-SD,7,F07_LL.AU.3,yes,SIZE,1,89,1.507373626,1.6533982,-0.146024573999999,8681.5284,954.50276,954.50276
12-CAAL-old-growth-SD,7,F07_LL.AU.3,yes,SIZE,1,91,1.739042478,1.5236093,0.215433178000001,8681.5284,954.50276,954.50276
12-CAAL-old-growth-SD,7,F07_LL.AU.3,yes,SIZE,1,93,1.383148956,1.385339,-0.00219004399999934,8681.5284,954.50276,954.50276
12-CAAL-old-growth-SD,7,F07_LL.AU.3,yes,SIZE,1,95,1.126292876,1.235495,-0.109202124,8681.5284,954.50276,954.50276
12-CAAL-old-growth-SD,7,F07_LL.AU.3,yes,SIZE,1,97,0.997233044,1.0783207,-0.0810876559999998,8681.5284,954.50276,954.50276
12-CAAL-old-growth-SD,7,F07_LL.AU.3,yes,SIZE,1,99,0.92556267,0.9443011,-0.0187384300000002,8681.5284,954.50276,954.50276
12-CAAL-old-growth-SD,7,F07_LL.AU.3,yes,SIZE,1,101,0.950580688,0.823513,0.127067688,8681.5284,954.50276,954.50276
12-CAAL-old-growth-SD,7,F07_LL.AU.3,yes,SIZE,1,103,0.671550692,0.71796424,-0.0464135480000003,8681.5284,954.50276,954.50276
12-CAAL-old-growth-SD,7,F07_LL.AU.3,yes,SIZE,1,105,0.739890758,0.627802,0.112088758,8681.5284,954.50276,954.50276
12-CAAL-old-growth-SD,7,F07_LL.AU.3,yes,SIZE,1,107,0.760004264,0.55185294,0.208151324,8681.5284,954.50276,954.50276
12-CAAL-old-growth-SD,7,F07_LL.AU.3,yes,SIZE,1,109,0.480607552,0.48821133,-0.00760377800000028,8681.5284,954.50276,954.50276
12-CAAL-old-growth-SD,7,F07_LL.AU.3,yes,SIZE,1,111,0.562331192,0.43474023,0.127590962,8681.5284,954.50276,954.50276
12-CAAL-old-growth-SD,7,F07_LL.AU.3,yes,SIZE,1,113,0.429498966,0.3894208,0.0400781659999997,8681.5284,954.50276,954.50276
12-CAAL-old-growth-SD,7,F07_LL.AU.3,yes,SIZE,1,115,0.370499564,0.35054096,0.0199586039999998,8681.5284,954.50276,954.50276
12-CAAL-old-growth-SD,7,F07_LL.AU.3,yes,SIZE,1,117,0.330239916,0.3167555,0.0134844159999999,8681.5284,954.50276,954.50276
12-CAAL-old-growth-SD,7,F07_LL.AU.3,yes,SIZE,1,119,0.297171978,0.28706264,0.0101093379999999,8681.5284,954.50276,954.50276
12-CAAL-old-growth-SD,7,F07_LL.AU.3,yes,SIZE,1,121,0.362125456,0.26074024,0.101385216,8681.5284,954.50276,954.50276
12-CAAL-old-growth-SD,7,F07_LL.AU.3,yes,SIZE,1,123,0.18356011,0.23727246,-0.0537123499999999,8681.5284,954.50276,954.50276
12-CAAL-old-growth-SD,7,F07_LL.AU.3,yes,SIZE,1,125,0.265828038,0.21628472,0.049543318,8681.5284,954.50276,954.50276
12-CAAL-old-growth-SD,7,F07_LL.AU.3,yes,SIZE,1,127,0.214327758,0.19749388,0.0168338780000002,8681.5284,954.50276,954.50276
12-CAAL-old-growth-SD,7,F07_LL.AU.3,yes,SIZE,1,129,0.228052598,0.18067419,0.047378408,8681.5284,954.50276,954.50276
12-CAAL-old-growth-SD,7,F07_LL.AU.3,yes,SIZE,1,131,0.147525304,0.1656354,-0.018110096,8681.5284,954.50276,954.50276
12-CAAL-old-growth-SD,7,F07_LL.AU.3,yes,SIZE,1,133,0.146293228,0.15221028,-0.00591705199999995,8681.5284,954.50276,954.50276
12-CAAL-old-growth-SD,7,F07_LL.AU.3,yes,SIZE,1,135,0.112400018,0.14024739,-0.0278473720000001,8681.5284,954.50276,954.50276
12-CAAL-old-growth-SD,7,F07_LL.AU.3,yes,SIZE,1,137,0.157991854,0.12960766,0.028384194,8681.5284,954.50276,954.50276
12-CAAL-old-growth-SD,7,F07_LL.AU.3,yes,SIZE,1,139,0.23108577,0.17716128,0.0539244900000002,8681.5284,954.50276,954.50276
12-CAAL-old-growth-SD,7,F07_LL.AU.3,yes,SIZE,1,143,0.200661276,0.1456417,0.0550195760000001,8681.5284,954.50276,954.50276
12-CAAL-old-growth-SD,7,F07_LL.AU.3,yes,SIZE,1,147,0.135573872,0.12299947,0.0125744019999998,8681.5284,954.50276,954.50276
12-CAAL-old-growth-SD,7,F07_LL.AU.3,yes,SIZE,1,151,0.160331872,0.10578999,0.054541882,8681.5284,954.50276,954.50276
12-CAAL-old-growth-SD,7,F07_LL.AU.3,yes,SIZE,1,155,0.110849486,0.09169834,0.0191511459999999,8681.5284,954.50276,954.50276
12-CAAL-old-growth-SD,7,F07_LL.AU.3,yes,SIZE,1,159,0.105443406,0.08169917,0.0237442359999999,8681.5284,954.50276,954.50276
12-CAAL-old-growth-SD,7,F07_LL.AU.3,yes,SIZE,1,163,0.0954837699999999,0.07442788,0.0210558899999999,8681.5284,954.50276,954.50276
12-CAAL-old-growth-SD,7,F07_LL.AU.3,yes,SIZE,1,167,0.089315592,0.06846981,0.020845782,8681.5284,954.50276,954.50276
12-CAAL-old-growth-SD,7,F07_LL.AU.3,yes,SIZE,1,171,0.0816600359999999,0.06478357,0.0168764659999999,8681.5284,954.50276,954.50276
12-CAAL-old-growth-SD,7,F07_LL.AU.3,yes,SIZE,1,175,0.0573963480000001,0.061561169,-0.00416482099999995,8681.5284,954.50276,954.50276
12-CAAL-old-growth-SD,7,F07_LL.AU.3,yes,SIZE,1,179,0.0656664780000001,0.059697355,0.00596912300000004,8681.5284,954.50276,954.50276
12-CAAL-old-growth-SD,7,F07_LL.AU.3,yes,SIZE,1,183,0.0547945200000001,0.058046849,-0.00325232899999994,8681.5284,954.50276,954.50276
12-CAAL-old-growth-SD,7,F07_LL.AU.3,yes,SIZE,1,187,0.0654135780000001,0.057105593,0.00830798500000004,8681.5284,954.50276,954.50276
12-CAAL-old-growth-SD,7,F07_LL.AU.3,yes,SIZE,1,191,0.0547945200000001,0.056337106,-0.00154258599999992,8681.5284,954.50276,954.50276
12-CAAL-old-growth-SD,7,F07_LL.AU.3,yes,SIZE,1,195,0.0547945200000001,0.055844934,-0.00105041399999994,8681.5284,954.50276,954.50276
12-CAAL-old-growth-SD,7,F07_LL.AU.3,yes,SIZE,1,199,0.0547945200000001,0.055515066,-0.000720545999999933,8681.5284,954.50276,954.50276
12-CAAL-old-growth-SD,7,F07_LL.AU.3,yes,SIZE,1,203,0.0547945200000001,0.055255131,-0.000460610999999937,8681.5284,954.50276,954.50276
12-CAAL-old-growth-SD,7,F07_LL.AU.3,yes,SIZE,1,207,0.0547945200000001,0.055108849,-0.000314328999999933,8681.5284,954.50276,954.50276
12-CAAL-old-growth-SD,7,F07_LL.AU.3,yes,SIZE,1,211,0.0547945200000001,0.05500483,-0.000210309999999922,8681.5284,954.50276,954.50276
12-CAAL-old-growth-SD,7,F07_LL.AU.3,yes,SIZE,1,215,0.0547945200000001,0.054926003,-0.000131482999999953,8681.5284,954.50276,954.50276
12-CAAL-old-growth-SD,7,F07_LL.AU.3,yes,SIZE,1,219,0.0547945200000001,0.054882299,-8.77789999999337e-05,8681.5284,954.50276,954.50276
12-CAAL-old-growth-SD,7,F07_LL.AU.3,yes,SIZE,1,223,0.0547945200000001,0.0548524,-5.78799999999199e-05,8681.5284,954.50276,954.50276
12-CAAL-old-growth-SD,7,F07_LL.AU.3,yes,SIZE,1,227,0.0547945200000001,0.054831232,-3.67119999999388e-05,8681.5284,954.50276,954.50276
12-CAAL-old-growth-SD,7,F07_LL.AU.3,yes,SIZE,1,231,0.0547945200000001,0.054817521,-2.30009999999392e-05,8681.5284,954.50276,954.50276
12-CAAL-old-growth-SD,7,F07_LL.AU.3,yes,SIZE,1,235,0.0547945200000001,0.054809456,-1.49359999999446e-05,8681.5284,954.50276,954.50276
12-CAAL-old-growth-SD,7,F07_LL.AU.3,yes,SIZE,1,239,0.0547945200000001,0.054804115,-9.59499999994562e-06,8681.5284,954.50276,954.50276
12-CAAL-old-growth-SD,7,F07_LL.AU.3,yes,SIZE,1,243,0.0547945200000001,0.054800621,-6.10099999993202e-06,8681.5284,954.50276,954.50276
12-CAAL-old-growth-SD,7,F07_LL.AU.3,yes,SIZE,1,247,0.072025478,0.054804358,0.01722112,8681.5284,954.50276,954.50276
12-CAAL-old-growth-SD,9,F09.REC.AU.3,yes,SIZE,1,5,0.02283105,0.022831181,-1.30999999983089e-07,1794.268,150.41669,150.41669
12-CAAL-old-growth-SD,9,F09.REC.AU.3,yes,SIZE,1,7,0.02283105,0.022831095,-4.49999999936612e-08,1794.268,150.41669,150.41669
12-CAAL-old-growth-SD,9,F09.REC.AU.3,yes,SIZE,1,9,0.02283105,0.022831065,-1.49999999955741e-08,1794.268,150.41669,150.41669
12-CAAL-old-growth-SD,9,F09.REC.AU.3,yes,SIZE,1,11,0.02283105,0.02283105,0,1794.268,150.41669,150.41669
12-CAAL-old-growth-SD,9,F09.REC.AU.3,yes,SIZE,1,13,0.02283105,0.022831053,-2.99999999842093e-09,1794.268,150.41669,150.41669
12-CAAL-old-growth-SD,9,F09.REC.AU.3,yes,SIZE,1,15,0.02283105,0.022831073,-2.29999999913633e-08,1794.268,150.41669,150.41669
12-CAAL-old-growth-SD,9,F09.REC.AU.3,yes,SIZE,1,17,0.02283105,0.022831077,-2.69999999927273e-08,1794.268,150.41669,150.41669
12-CAAL-old-growth-SD,9,F09.REC.AU.3,yes,SIZE,1,19,0.02283105,0.022831098,-4.79999999955516e-08,1794.268,150.41669,150.41669
12-CAAL-old-growth-SD,9,F09.REC.AU.3,yes,SIZE,1,21,0.02283105,0.022831186,-1.35999999983927e-07,1794.268,150.41669,150.41669
12-CAAL-old-growth-SD,9,F09.REC.AU.3,yes,SIZE,1,23,0.02283105,0.022831633,-5.82999999984568e-07,1794.268,150.41669,150.41669
12-CAAL-old-growth-SD,9,F09.REC.AU.3,yes,SIZE,1,25,0.02283105,0.022833413,-2.36299999998788e-06,1794.268,150.41669,150.41669
12-CAAL-old-growth-SD,9,F09.REC.AU.3,yes,SIZE,1,27,0.02283105,0.022839109,-8.05899999998388e-06,1794.268,150.41669,150.41669
12-CAAL-old-growth-SD,9,F09.REC.AU.3,yes,SIZE,1,29,0.02283105,0.022854214,-2.31639999999853e-05,1794.268,150.41669,150.41669
12-CAAL-old-growth-SD,9,F09.REC.AU.3,yes,SIZE,1,31,0.02283105,0.022890602,-5.95519999999836e-05,1794.268,150.41669,150.41669
12-CAAL-old-growth-SD,9,F09.REC.AU.3,yes,SIZE,1,33,0.02283105,0.02297464,-0.000143589999999985,1794.268,150.41669,150.41669
12-CAAL-old-growth-SD,9,F09.REC.AU.3,yes,SIZE,1,35,0.02283105,0.02316221,-0.000331159999999987,1794.268,150.41669,150.41669
12-CAAL-old-growth-SD,9,F09.REC.AU.3,yes,SIZE,1,37,0.035877408,0.023568943,0.012308465,1794.268,150.41669,150.41669
12-CAAL-old-growth-SD,9,F09.REC.AU.3,yes,SIZE,1,39,0.035693608,0.024486646,0.011206962,1794.268,150.41669,150.41669
12-CAAL-old-growth-SD,9,F09.REC.AU.3,yes,SIZE,1,41,0.034246608,0.026412583,0.00783402500000004,1794.268,150.41669,150.41669
12-CAAL-old-growth-SD,9,F09.REC.AU.3,yes,SIZE,1,43,0.02283105,0.03010421,-0.00727315999999998,1794.268,150.41669,150.41669
12-CAAL-old-growth-SD,9,F09.REC.AU.3,yes,SIZE,1,45,0.043471266,0.03671032,0.00676094600000004,1794.268,150.41669,150.41669
12-CAAL-old-growth-SD,9,F09.REC.AU.3,yes,SIZE,1,47,0.034246608,0.04761326,-0.013366652,1794.268,150.41669,150.41669
12-CAAL-old-growth-SD,9,F09.REC.AU.3,yes,SIZE,1,49,0.196257982,0.06422938,0.132028602,1794.268,150.41669,150.41669
12-CAAL-old-growth-SD,9,F09.REC.AU.3,yes,SIZE,1,51,0.034246608,0.08946153,-0.055214922,1794.268,150.41669,150.41669
12-CAAL-old-growth-SD,9,F09.REC.AU.3,yes,SIZE,1,53,0.075894582,0.12286104,-0.046966458,1794.268,150.41669,150.41669
12-CAAL-old-growth-SD,9,F09.REC.AU.3,yes,SIZE,1,55,0.070597044,0.16450093,-0.093903886,1794.268,150.41669,150.41669
12-CAAL-old-growth-SD,9,F09.REC.AU.3,yes,SIZE,1,57,0.13844864,0.21388083,-0.07543219,1794.268,150.41669,150.41669
12-CAAL-old-growth-SD,9,F09.REC.AU.3,yes,SIZE,1,59,0.28145873,0.27921237,0.00224636000000011,1794.268,150.41669,150.41669
12-CAAL-old-growth-SD,9,F09.REC.AU.3,yes,SIZE,1,61,0.365159126,0.3442384,0.0209207259999997,1794.268,150.41669,150.41669
12-CAAL-old-growth-SD,9,F09.REC.AU.3,yes,SIZE,1,63,0.716627036,0.4197509,0.296876136,1794.268,150.41669,150.41669
12-CAAL-old-growth-SD,9,F09.REC.AU.3,yes,SIZE,1,65,0.562015352,0.5011525,0.060862852,1794.268,150.41669,150.41669
12-CAAL-old-growth-SD,9,F09.REC.AU.3,yes,SIZE,1,67,0.62708592,0.5828131,0.04427282,1794.268,150.41669,150.41669
12-CAAL-old-growth-SD,9,F09.REC.AU.3,yes,SIZE,1,69,0.71020679,0.670137,0.04006979,1794.268,150.41669,150.41669
12-CAAL-old-growth-SD,9,F09.REC.AU.3,yes,SIZE,1,71,0.58017163,0.7537103,-0.17353867,1794.268,150.41669,150.41669
12-CAAL-old-growth-SD,9,F09.REC.AU.3,yes,SIZE,1,73,0.763752252,0.8317995,-0.068047248,1794.268,150.41669,150.41669
12-CAAL-old-growth-SD,9,F09.REC.AU.3,yes,SIZE,1,75,0.729039668,0.9100983,-0.181058632,1794.268,150.41669,150.41669
12-CAAL-old-growth-SD,9,F09.REC.AU.3,yes,SIZE,1,77,0.616871734,0.968785,-0.351913266,1794.268,150.41669,150.41669
12-CAAL-old-growth-SD,9,F09.REC.AU.3,yes,SIZE,1,79,1.354153684,1.0208136,0.333340084,1794.268,150.41669,150.41669
12-CAAL-old-growth-SD,9,F09.REC.AU.3,yes,SIZE,1,81,1.399555742,1.056082,0.343473742,1794.268,150.41669,150.41669
12-CAAL-old-growth-SD,9,F09.REC.AU.3,yes,SIZE,1,83,1.1466211,1.0725153,0.0741057999999999,1794.268,150.41669,150.41669
12-CAAL-old-growth-SD,9,F09.REC.AU.3,yes,SIZE,1,85,1.057736542,1.073216,-0.0154794580000004,1794.268,150.41669,150.41669
12-CAAL-old-growth-SD,9,F09.REC.AU.3,yes,SIZE,1,87,1.167251242,1.05384,0.113411242,1794.268,150.41669,150.41669
12-CAAL-old-growth-SD,9,F09.REC.AU.3,yes,SIZE,1,89,0.977214142,1.0206564,-0.0434422580000003,1794.268,150.41669,150.41669
12-CAAL-old-growth-SD,9,F09.REC.AU.3,yes,SIZE,1,91,0.73999071,0.974673,-0.23468229,1794.268,150.41669,150.41669
12-CAAL-old-growth-SD,9,F09.REC.AU.3,yes,SIZE,1,93,0.856394426,0.9179184,-0.0615239739999999,1794.268,150.41669,150.41669
12-CAAL-old-growth-SD,9,F09.REC.AU.3,yes,SIZE,1,95,1.044970126,0.850903,0.194067126,1794.268,150.41669,150.41669
12-CAAL-old-growth-SD,9,F09.REC.AU.3,yes,SIZE,1,97,0.966350742,0.7768609,0.189489842,1794.268,150.41669,150.41669
12-CAAL-old-growth-SD,9,F09.REC.AU.3,yes,SIZE,1,99,0.737778546,0.7127582,0.0250203459999999,1794.268,150.41669,150.41669
12-CAAL-old-growth-SD,9,F09.REC.AU.3,yes,SIZE,1,101,0.668456984,0.6523278,0.016129184,1794.268,150.41669,150.41669
12-CAAL-old-growth-SD,9,F09.REC.AU.3,yes,SIZE,1,103,0.573171952,0.595626,-0.0224540480000001,1794.268,150.41669,150.41669
12-CAAL-old-growth-SD,9,F09.REC.AU.3,yes,SIZE,1,105,0.49598591,0.5426578,-0.0466718900000001,1794.268,150.41669,150.41669
12-CAAL-old-growth-SD,9,F09.REC.AU.3,yes,SIZE,1,107,0.387178336,0.4933812,-0.106202864,1794.268,150.41669,150.41669
12-CAAL-old-growth-SD,9,F09.REC.AU.3,yes,SIZE,1,109,0.376461452,0.4477149,-0.0712534480000001,1794.268,150.41669,150.41669
12-CAAL-old-growth-SD,9,F09.REC.AU.3,yes,SIZE,1,111,0.267550784,0.405548,-0.137997216,1794.268,150.41669,150.41669
12-CAAL-old-growth-SD,9,F09.REC.AU.3,yes,SIZE,1,113,0.31415573,0.366745,-0.05258927,1794.268,150.41669,150.41669
12-CAAL-old-growth-SD,9,F09.REC.AU.3,yes,SIZE,1,115,0.335470224,0.33115306,0.00431716399999987,1794.268,150.41669,150.41669
12-CAAL-old-growth-SD,9,F09.REC.AU.3,yes,SIZE,1,117,0.270929366,0.2986079,-0.0276785340000001,1794.268,150.41669,150.41669
12-CAAL-old-growth-SD,9,F09.REC.AU.3,yes,SIZE,1,119,0.274913882,0.26893776,0.00597612200000003,1794.268,150.41669,150.41669
12-CAAL-old-growth-SD,9,F09.REC.AU.3,yes,SIZE,1,121,0.208722332,0.24196843,-0.033246098,1794.268,150.41669,150.41669
12-CAAL-old-growth-SD,9,F09.REC.AU.3,yes,SIZE,1,123,0.189477914,0.21752428,-0.0280463659999999,1794.268,150.41669,150.41669
12-CAAL-old-growth-SD,9,F09.REC.AU.3,yes,SIZE,1,125,0.213460172,0.19543081,0.018029362,1794.268,150.41669,150.41669
12-CAAL-old-growth-SD,9,F09.REC.AU.3,yes,SIZE,1,127,0.247975224,0.1755168,0.072458424,1794.268,150.41669,150.41669
12-CAAL-old-growth-SD,9,F09.REC.AU.3,yes,SIZE,1,129,0.124146976,0.15761517,-0.033468194,1794.268,150.41669,150.41669
12-CAAL-old-growth-SD,9,F09.REC.AU.3,yes,SIZE,1,131,0.179686434,0.1415641,0.038122334,1794.268,150.41669,150.41669
12-CAAL-old-growth-SD,9,F09.REC.AU.3,yes,SIZE,1,133,0.084008624,0.12720805,-0.043199426,1794.268,150.41669,150.41669
12-CAAL-old-growth-SD,9,F09.REC.AU.3,yes,SIZE,1,135,0.10121834,0.11439854,-0.0131802,1794.268,150.41669,150.41669
12-CAAL-old-growth-SD,9,F09.REC.AU.3,yes,SIZE,1,137,0.115372718,0.1029947,0.012378018,1794.268,150.41669,150.41669
12-CAAL-old-growth-SD,9,F09.REC.AU.3,yes,SIZE,1,139,0.162761756,0.15391556,0.00884619600000003,1794.268,150.41669,150.41669
12-CAAL-old-growth-SD,9,F09.REC.AU.3,yes,SIZE,1,143,0.099013462,0.12007956,-0.021066098,1794.268,150.41669,150.41669
12-CAAL-old-growth-SD,9,F09.REC.AU.3,yes,SIZE,1,147,0.070285266,0.09576787,-0.025482604,1794.268,150.41669,150.41669
12-CAAL-old-growth-SD,9,F09.REC.AU.3,yes,SIZE,1,151,0.060552282,0.07729561,-0.016743328,1794.268,150.41669,150.41669
12-CAAL-old-growth-SD,9,F09.REC.AU.3,yes,SIZE,1,155,0.059793504,0.06218205,-0.00238854599999999,1794.268,150.41669,150.41669
12-CAAL-old-growth-SD,9,F09.REC.AU.3,yes,SIZE,1,159,0.056747704,0.05147162,0.00527608400000001,1794.268,150.41669,150.41669
12-CAAL-old-growth-SD,9,F09.REC.AU.3,yes,SIZE,1,163,0.089277062,0.04369417,0.045582892,1794.268,150.41669,150.41669
12-CAAL-old-growth-SD,9,F09.REC.AU.3,yes,SIZE,1,167,0.02283105,0.03733308,-0.01450203,1794.268,150.41669,150.41669
12-CAAL-old-growth-SD,9,F09.REC.AU.3,yes,SIZE,1,171,0.02283105,0.03340507,-0.01057402,1794.268,150.41669,150.41669
12-CAAL-old-growth-SD,9,F09.REC.AU.3,yes,SIZE,1,175,0.02283105,0.02997817,-0.00714711999999999,1794.268,150.41669,150.41669
12-CAAL-old-growth-SD,9,F09.REC.AU.3,yes,SIZE,1,179,0.029086128,0.0280002,0.00108592800000003,1794.268,150.41669,150.41669
12-CAAL-old-growth-SD,9,F09.REC.AU.3,yes,SIZE,1,183,0.02283105,0.023029754,-0.000198703999999987,1794.268,150.41669,150.41669
12-CAAL-old-growth-SD,9,F09.REC.AU.3,yes,SIZE,1,187,0.02283105,0.022831079,-2.89999999882051e-08,1794.268,150.41669,150.41669
12-CAAL-old-growth-SD,9,F09.REC.AU.3,yes,SIZE,1,191,0.02283105,0.02283105,0,1794.268,150.41669,150.41669
12-CAAL-old-growth-SD,9,F09.REC.AU.3,yes,SIZE,1,195,0.02283105,0.02283105,0,1794.268,150.41669,150.41669
12-CAAL-old-growth-SD,9,F09.REC.AU.3,yes,SIZE,1,199,0.02283105,0.02283105,0,1794.268,150.41669,150.41669
12-CAAL-old-growth-SD,9,F09.REC.AU.3,yes,SIZE,1,203,0.02283105,0.02283105,0,1794.268,150.41669,150.41669
12-CAAL-old-growth-SD,9,F09.REC.AU.3,yes,SIZE,1,207,0.02283105,0.02283105,0,1794.268,150.41669,150.41669
12-CAAL-old-growth-SD,9,F09.REC.AU.3,yes,SIZE,1,211,0.02283105,0.02283105,0,1794.268,150.41669,150.41669
12-CAAL-old-growth-SD,9,F09.REC.AU.3,yes,SIZE,1,215,0.02283105,0.02283105,0,1794.268,150.41669,150.41669
12-CAAL-old-growth-SD,9,F09.REC.AU.3,yes,SIZE,1,219,0.02283105,0.02283105,0,1794.268,150.41669,150.41669
12-CAAL-old-growth-SD,9,F09.REC.AU.3,yes,SIZE,1,223,0.02283105,0.02283105,0,1794.268,150.41669,150.41669
12-CAAL-old-growth-SD,9,F09.REC.AU.3,yes,SIZE,1,227,0.02283105,0.02283105,0,1794.268,150.41669,150.41669
12-CAAL-old-growth-SD,9,F09.REC.AU.3,yes,SIZE,1,231,0.02283105,0.02283105,0,1794.268,150.41669,150.41669
12-CAAL-old-growth-SD,9,F09.REC.AU.3,yes,SIZE,1,235,0.02283105,0.02283105,0,1794.268,150.41669,150.41669
12-CAAL-old-growth-SD,9,F09.REC.AU.3,yes,SIZE,1,239,0.02283105,0.02283105,0,1794.268,150.41669,150.41669
12-CAAL-old-growth-SD,9,F09.REC.AU.3,yes,SIZE,1,243,0.02283105,0.02283105,0,1794.268,150.41669,150.41669
12-CAAL-old-growth-SD,9,F09.REC.AU.3,yes,SIZE,1,247,0.02283105,0.02283105,0,1794.268,150.41669,150.41669
12-CAAL-old-growth-SD,10,F10_REC.NZ.3,yes,SIZE,1,5,0.032876712,0.032883761,-7.04899999996733e-06,8061.5595,434.39151,434.39151
12-CAAL-old-growth-SD,10,F10_REC.NZ.3,yes,SIZE,1,7,0.032876712,0.032884148,-7.43599999997874e-06,8061.5595,434.39151,434.39151
12-CAAL-old-growth-SD,10,F10_REC.NZ.3,yes,SIZE,1,9,0.032876712,0.032882674,-5.96199999997049e-06,8061.5595,434.39151,434.39151
12-CAAL-old-growth-SD,10,F10_REC.NZ.3,yes,SIZE,1,11,0.032876712,0.032884593,-7.88099999997349e-06,8061.5595,434.39151,434.39151
12-CAAL-old-growth-SD,10,F10_REC.NZ.3,yes,SIZE,1,13,0.032876712,0.032901354,-2.46419999999706e-05,8061.5595,434.39151,434.39151
12-CAAL-old-growth-SD,10,F10_REC.NZ.3,yes,SIZE,1,15,0.032876712,0.032954619,-7.79069999999674e-05,8061.5595,434.39151,434.39151
12-CAAL-old-growth-SD,10,F10_REC.NZ.3,yes,SIZE,1,17,0.032876712,0.033076819,-0.00020010699999997,8061.5595,434.39151,434.39151
12-CAAL-old-growth-SD,10,F10_REC.NZ.3,yes,SIZE,1,19,0.032876712,0.033297009,-0.000420296999999972,8061.5595,434.39151,434.39151
12-CAAL-old-growth-SD,10,F10_REC.NZ.3,yes,SIZE,1,21,0.032876712,0.033634484,-0.000757771999999969,8061.5595,434.39151,434.39151
12-CAAL-old-growth-SD,10,F10_REC.NZ.3,yes,SIZE,1,23,0.046466648,0.034064633,0.012402015,8061.5595,434.39151,434.39151
12-CAAL-old-growth-SD,10,F10_REC.NZ.3,yes,SIZE,1,25,0.053282088,0.034557345,0.018724743,8061.5595,434.39151,434.39151
12-CAAL-old-growth-SD,10,F10_REC.NZ.3,yes,SIZE,1,27,0.04238967,0.035066685,0.00732298500000003,8061.5595,434.39151,434.39151
12-CAAL-old-growth-SD,10,F10_REC.NZ.3,yes,SIZE,1,29,0.032876712,0.035572337,-0.00269562499999997,8061.5595,434.39151,434.39151
12-CAAL-old-growth-SD,10,F10_REC.NZ.3,yes,SIZE,1,31,0.035968598,0.03612491,-0.000156311999999971,8061.5595,434.39151,434.39151
12-CAAL-old-growth-SD,10,F10_REC.NZ.3,yes,SIZE,1,33,0.0342904,0.036841961,-0.00255156099999999,8061.5595,434.39151,434.39151
12-CAAL-old-growth-SD,10,F10_REC.NZ.3,yes,SIZE,1,35,0.053575194,0.037915761,0.015659433,8061.5595,434.39151,434.39151
12-CAAL-old-growth-SD,10,F10_REC.NZ.3,yes,SIZE,1,37,0.042703114,0.03957737,0.00312574400000003,8061.5595,434.39151,434.39151
12-CAAL-old-growth-SD,10,F10_REC.NZ.3,yes,SIZE,1,39,0.045269576,0.042240273,0.00302930300000003,8061.5595,434.39151,434.39151
12-CAAL-old-growth-SD,10,F10_REC.NZ.3,yes,SIZE,1,41,0.060330988,0.046187296,0.014143692,8061.5595,434.39151,434.39151
12-CAAL-old-growth-SD,10,F10_REC.NZ.3,yes,SIZE,1,43,0.060574782,0.05162932,0.00894546200000004,8061.5595,434.39151,434.39151
12-CAAL-old-growth-SD,10,F10_REC.NZ.3,yes,SIZE,1,45,0.076571486,0.05884,0.017731486,8061.5595,434.39151,434.39151
12-CAAL-old-growth-SD,10,F10_REC.NZ.3,yes,SIZE,1,47,0.047749702,0.06794149,-0.020191788,8061.5595,434.39151,434.39151
12-CAAL-old-growth-SD,10,F10_REC.NZ.3,yes,SIZE,1,49,0.09613425,0.07894783,0.01718642,8061.5595,434.39151,434.39151
12-CAAL-old-growth-SD,10,F10_REC.NZ.3,yes,SIZE,1,51,0.045957616,0.09257515,-0.046617534,8061.5595,434.39151,434.39151
12-CAAL-old-growth-SD,10,F10_REC.NZ.3,yes,SIZE,1,53,0.065624522,0.1078553,-0.042230778,8061.5595,434.39151,434.39151
12-CAAL-old-growth-SD,10,F10_REC.NZ.3,yes,SIZE,1,55,0.068665558,0.12479997,-0.056134412,8061.5595,434.39151,434.39151
12-CAAL-old-growth-SD,10,F10_REC.NZ.3,yes,SIZE,1,57,0.09859017,0.1434185,-0.04482833,8061.5595,434.39151,434.39151
12-CAAL-old-growth-SD,10,F10_REC.NZ.3,yes,SIZE,1,59,0.187005738,0.16697228,0.020033458,8061.5595,434.39151,434.39151
12-CAAL-old-growth-SD,10,F10_REC.NZ.3,yes,SIZE,1,61,0.146525832,0.19033298,-0.0438071480000001,8061.5595,434.39151,434.39151
12-CAAL-old-growth-SD,10,F10_REC.NZ.3,yes,SIZE,1,63,0.220596312,0.21825121,0.0023451020000001,8061.5595,434.39151,434.39151
12-CAAL-old-growth-SD,10,F10_REC.NZ.3,yes,SIZE,1,65,0.174661968,0.25034207,-0.075680102,8061.5595,434.39151,434.39151
12-CAAL-old-growth-SD,10,F10_REC.NZ.3,yes,SIZE,1,67,0.182756478,0.28534889,-0.102592412,8061.5595,434.39151,434.39151
12-CAAL-old-growth-SD,10,F10_REC.NZ.3,yes,SIZE,1,69,0.260957616,0.32740133,-0.0664437139999999,8061.5595,434.39151,434.39151
12-CAAL-old-growth-SD,10,F10_REC.NZ.3,yes,SIZE,1,71,0.321061552,0.37337056,-0.052309008,8061.5595,434.39151,434.39151
12-CAAL-old-growth-SD,10,F10_REC.NZ.3,yes,SIZE,1,73,0.440305518,0.42386391,0.0164416079999997,8061.5595,434.39151,434.39151
12-CAAL-old-growth-SD,10,F10_REC.NZ.3,yes,SIZE,1,75,0.483991526,0.48537201,-0.00138048399999996,8061.5595,434.39151,434.39151
12-CAAL-old-growth-SD,10,F10_REC.NZ.3,yes,SIZE,1,77,0.496890152,0.54384638,-0.046956228,8061.5595,434.39151,434.39151
12-CAAL-old-growth-SD,10,F10_REC.NZ.3,yes,SIZE,1,79,0.503487006,0.61376238,-0.110275374,8061.5595,434.39151,434.39151
12-CAAL-old-growth-SD,10,F10_REC.NZ.3,yes,SIZE,1,81,0.703597766,0.68680971,0.016788056,8061.5595,434.39151,434.39151
12-CAAL-old-growth-SD,10,F10_REC.NZ.3,yes,SIZE,1,83,0.689921938,0.75623983,-0.0663178919999998,8061.5595,434.39151,434.39151
12-CAAL-old-growth-SD,10,F10_REC.NZ.3,yes,SIZE,1,85,0.720306638,0.8277786,-0.107471962,8061.5595,434.39151,434.39151
12-CAAL-old-growth-SD,10,F10_REC.NZ.3,yes,SIZE,1,87,0.904816026,0.9076468,-0.0028307740000002,8061.5595,434.39151,434.39151
12-CAAL-old-growth-SD,10,F10_REC.NZ.3,yes,SIZE,1,89,0.98358168,0.973843,0.00973868,8061.5595,434.39151,434.39151
12-CAAL-old-growth-SD,10,F10_REC.NZ.3,yes,SIZE,1,91,0.899648244,1.0354804,-0.135832156,8061.5595,434.39151,434.39151
12-CAAL-old-growth-SD,10,F10_REC.NZ.3,yes,SIZE,1,93,1.09518913,1.0908205,0.0043686300000001,8061.5595,434.39151,434.39151
12-CAAL-old-growth-SD,10,F10_REC.NZ.3,yes,SIZE,1,95,1.008563392,1.1392412,-0.130677808,8061.5595,434.39151,434.39151
12-CAAL-old-growth-SD,10,F10_REC.NZ.3,yes,SIZE,1,97,1.269672222,1.1792533,0.0904189219999998,8061.5595,434.39151,434.39151
12-CAAL-old-growth-SD,10,F10_REC.NZ.3,yes,SIZE,1,99,1.1690406,1.2043475,-0.0353068999999999,8061.5595,434.39151,434.39151
12-CAAL-old-growth-SD,10,F10_REC.NZ.3,yes,SIZE,1,101,1.159556084,1.2183125,-0.0587564159999996,8061.5595,434.39151,434.39151
12-CAAL-old-growth-SD,10,F10_REC.NZ.3,yes,SIZE,1,103,1.410486442,1.2209493,0.189537142,8061.5595,434.39151,434.39151
12-CAAL-old-growth-SD,10,F10_REC.NZ.3,yes,SIZE,1,105,1.053222472,1.212465,-0.159242528,8061.5595,434.39151,434.39151
12-CAAL-old-growth-SD,10,F10_REC.NZ.3,yes,SIZE,1,107,1.4341518,1.1934473,0.2407045,8061.5595,434.39151,434.39151
12-CAAL-old-growth-SD,10,F10_REC.NZ.3,yes,SIZE,1,109,1.173303562,1.1648098,0.00849376200000007,8061.5595,434.39151,434.39151
12-CAAL-old-growth-SD,10,F10_REC.NZ.3,yes,SIZE,1,111,1.074060884,1.1277262,-0.053665316,8061.5595,434.39151,434.39151
12-CAAL-old-growth-SD,10,F10_REC.NZ.3,yes,SIZE,1,113,1.1642709,1.0835429,0.0807280000000001,8061.5595,434.39151,434.39151
12-CAAL-old-growth-SD,10,F10_REC.NZ.3,yes,SIZE,1,115,0.9909905,1.0336927,-0.0427022000000001,8061.5595,434.39151,434.39151
12-CAAL-old-growth-SD,10,F10_REC.NZ.3,yes,SIZE,1,117,1.31691153,0.9796191,0.33729243,8061.5595,434.39151,434.39151
12-CAAL-old-growth-SD,10,F10_REC.NZ.3,yes,SIZE,1,119,0.910706732,0.9227079,-0.0120011679999997,8061.5595,434.39151,434.39151
12-CAAL-old-growth-SD,10,F10_REC.NZ.3,yes,SIZE,1,121,0.865544868,0.8642349,0.00130996800000005,8061.5595,434.39151,434.39151
12-CAAL-old-growth-SD,10,F10_REC.NZ.3,yes,SIZE,1,123,0.912435652,0.8053307,0.107104952,8061.5595,434.39151,434.39151
12-CAAL-old-growth-SD,10,F10_REC.NZ.3,yes,SIZE,1,125,0.697185736,0.7469629,-0.0497771640000001,8061.5595,434.39151,434.39151
12-CAAL-old-growth-SD,10,F10_REC.NZ.3,yes,SIZE,1,127,0.881928684,0.6899249,0.192003784,8061.5595,434.39151,434.39151
12-CAAL-old-growth-SD,10,F10_REC.NZ.3,yes,SIZE,1,129,0.648668236,0.6348452,0.0138230359999999,8061.5595,434.39151,434.39151
12-CAAL-old-growth-SD,10,F10_REC.NZ.3,yes,SIZE,1,131,0.523029292,0.58219646,-0.0591671680000002,8061.5595,434.39151,434.39151
12-CAAL-old-growth-SD,10,F10_REC.NZ.3,yes,SIZE,1,133,0.644316356,0.53231151,0.112004846,8061.5595,434.39151,434.39151
12-CAAL-old-growth-SD,10,F10_REC.NZ.3,yes,SIZE,1,135,0.551306874,0.4854038,0.065903074,8061.5595,434.39151,434.39151
12-CAAL-old-growth-SD,10,F10_REC.NZ.3,yes,SIZE,1,137,0.433549902,0.44158689,-0.00803698800000013,8061.5595,434.39151,434.39151
12-CAAL-old-growth-SD,10,F10_REC.NZ.3,yes,SIZE,1,139,0.699829146,0.7312979,-0.031468754,8061.5595,434.39151,434.39151
12-CAAL-old-growth-SD,10,F10_REC.NZ.3,yes,SIZE,1,143,0.608810368,0.58352281,0.0252875579999998,8061.5595,434.39151,434.39151
12-CAAL-old-growth-SD,10,F10_REC.NZ.3,yes,SIZE,1,147,0.5287292,0.46870734,0.0600218600000001,8061.5595,434.39151,434.39151
12-CAAL-old-growth-SD,10,F10_REC.NZ.3,yes,SIZE,1,151,0.442556078,0.37568538,0.0668706979999998,8061.5595,434.39151,434.39151
12-CAAL-old-growth-SD,10,F10_REC.NZ.3,yes,SIZE,1,155,0.307446786,0.2945016,0.0129451860000001,8061.5595,434.39151,434.39151
12-CAAL-old-growth-SD,10,F10_REC.NZ.3,yes,SIZE,1,159,0.250086098,0.23310466,0.016981438,8061.5595,434.39151,434.39151
12-CAAL-old-growth-SD,10,F10_REC.NZ.3,yes,SIZE,1,163,0.131863252,0.18600868,-0.0541454280000001,8061.5595,434.39151,434.39151
12-CAAL-old-growth-SD,10,F10_REC.NZ.3,yes,SIZE,1,167,0.161279436,0.14510756,0.016171876,8061.5595,434.39151,434.39151
12-CAAL-old-growth-SD,10,F10_REC.NZ.3,yes,SIZE,1,171,0.066981876,0.11841685,-0.051434974,8061.5595,434.39151,434.39151
12-CAAL-old-growth-SD,10,F10_REC.NZ.3,yes,SIZE,1,175,0.0620735580000001,0.09383014,-0.0317565819999999,8061.5595,434.39151,434.39151
12-CAAL-old-growth-SD,10,F10_REC.NZ.3,yes,SIZE,1,179,0.092738832,0.07884806,0.013890772,8061.5595,434.39151,434.39151
12-CAAL-old-growth-SD,10,F10_REC.NZ.3,yes,SIZE,1,183,0.052865394,0.06491227,-0.012046876,8061.5595,434.39151,434.39151
12-CAAL-old-growth-SD,10,F10_REC.NZ.3,yes,SIZE,1,187,0.06562012,0.05655256,0.00906756,8061.5595,434.39151,434.39151
12-CAAL-old-growth-SD,10,F10_REC.NZ.3,yes,SIZE,1,191,0.040127836,0.049403848,-0.00927601199999997,8061.5595,434.39151,434.39151
12-CAAL-old-growth-SD,10,F10_REC.NZ.3,yes,SIZE,1,195,0.032876712,0.044604408,-0.011727696,8061.5595,434.39151,434.39151
12-CAAL-old-growth-SD,10,F10_REC.NZ.3,yes,SIZE,1,199,0.04024157,0.041241185,-0.000999614999999968,8061.5595,434.39151,434.39151
12-CAAL-old-growth-SD,10,F10_REC.NZ.3,yes,SIZE,1,203,0.03420217,0.038468063,-0.00426589299999998,8061.5595,434.39151,434.39151
12-CAAL-old-growth-SD,10,F10_REC.NZ.3,yes,SIZE,1,207,0.03917493,0.036833659,0.00234127100000002,8061.5595,434.39151,434.39151
12-CAAL-old-growth-SD,10,F10_REC.NZ.3,yes,SIZE,1,211,0.032876712,0.035625014,-0.00274830199999999,8061.5595,434.39151,434.39151
12-CAAL-old-growth-SD,10,F10_REC.NZ.3,yes,SIZE,1,215,0.032876712,0.034668847,-0.00179213499999997,8061.5595,434.39151,434.39151
12-CAAL-old-growth-SD,10,F10_REC.NZ.3,yes,SIZE,1,219,0.032876712,0.034115082,-0.00123836999999998,8061.5595,434.39151,434.39151
12-CAAL-old-growth-SD,10,F10_REC.NZ.3,yes,SIZE,1,223,0.03549345,0.033722171,0.00177127900000003,8061.5595,434.39151,434.39151
12-CAAL-old-growth-SD,10,F10_REC.NZ.3,yes,SIZE,1,227,0.032876712,0.033433063,-0.000556350999999969,8061.5595,434.39151,434.39151
12-CAAL-old-growth-SD,10,F10_REC.NZ.3,yes,SIZE,1,231,0.032876712,0.033238161,-0.000361448999999958,8061.5595,434.39151,434.39151
12-CAAL-old-growth-SD,10,F10_REC.NZ.3,yes,SIZE,1,235,0.032876712,0.033119064,-0.000242351999999967,8061.5595,434.39151,434.39151
12-CAAL-old-growth-SD,10,F10_REC.NZ.3,yes,SIZE,1,239,0.032876712,0.033037511,-0.000160798999999968,8061.5595,434.39151,434.39151
12-CAAL-old-growth-SD,10,F10_REC.NZ.3,yes,SIZE,1,243,0.032876712,0.032982253,-0.000105540999999959,8061.5595,434.39151,434.39151
12-CAAL-old-growth-SD,10,F10_REC.NZ.3,yes,SIZE,1,247,0.032876712,0.033061795,-0.000185082999999968,8061.5595,434.39151,434.39151
12-CAAL-old-growth-SD,16,S01_INDEX.1-4,yes,SIZE,1,5,0.067561668,0.015525147,0.052036521,2660.4566,29.9050912,29.9050912
12-CAAL-old-growth-SD,16,S01_INDEX.1-4,yes,SIZE,1,7,0.214338644,0.015525952,0.198812692,2660.4566,29.9050912,29.9050912
12-CAAL-old-growth-SD,16,S01_INDEX.1-4,yes,SIZE,1,9,0.15335313,0.015533974,0.137819156,2660.4566,29.9050912,29.9050912
12-CAAL-old-growth-SD,16,S01_INDEX.1-4,yes,SIZE,1,11,0.164266672,0.015573847,0.148692825,2660.4566,29.9050912,29.9050912
12-CAAL-old-growth-SD,16,S01_INDEX.1-4,yes,SIZE,1,13,0.135156208,0.015694346,0.119461862,2660.4566,29.9050912,29.9050912
12-CAAL-old-growth-SD,16,S01_INDEX.1-4,yes,SIZE,1,15,0.10926649,0.015937534,0.093328956,2660.4566,29.9050912,29.9050912
12-CAAL-old-growth-SD,16,S01_INDEX.1-4,yes,SIZE,1,17,0.083038446,0.016298002,0.066740444,2660.4566,29.9050912,29.9050912
12-CAAL-old-growth-SD,16,S01_INDEX.1-4,yes,SIZE,1,19,0.092001934,0.016711306,0.075290628,2660.4566,29.9050912,29.9050912
12-CAAL-old-growth-SD,16,S01_INDEX.1-4,yes,SIZE,1,21,0.083360308,0.017140177,0.066220131,2660.4566,29.9050912,29.9050912
12-CAAL-old-growth-SD,16,S01_INDEX.1-4,yes,SIZE,1,23,0.062153164,0.017655278,0.044497886,2660.4566,29.9050912,29.9050912
12-CAAL-old-growth-SD,16,S01_INDEX.1-4,yes,SIZE,1,25,0.069831,0.01858279,0.05124821,2660.4566,29.9050912,29.9050912
12-CAAL-old-growth-SD,16,S01_INDEX.1-4,yes,SIZE,1,27,0.06464572,0.02051377,0.04413195,2660.4566,29.9050912,29.9050912
12-CAAL-old-growth-SD,16,S01_INDEX.1-4,yes,SIZE,1,29,0.06357227,0.02420497,0.0393673,2660.4566,29.9050912,29.9050912
12-CAAL-old-growth-SD,16,S01_INDEX.1-4,yes,SIZE,1,31,0.052566274,0.03058823,0.021978044,2660.4566,29.9050912,29.9050912
12-CAAL-old-growth-SD,16,S01_INDEX.1-4,yes,SIZE,1,33,0.07333935,0.04043278,0.03290657,2660.4566,29.9050912,29.9050912
12-CAAL-old-growth-SD,16,S01_INDEX.1-4,yes,SIZE,1,35,0.052015172,0.05392961,-0.00191443799999999,2660.4566,29.9050912,29.9050912
12-CAAL-old-growth-SD,16,S01_INDEX.1-4,yes,SIZE,1,37,0.047886996,0.07058155,-0.022694554,2660.4566,29.9050912,29.9050912
12-CAAL-old-growth-SD,16,S01_INDEX.1-4,yes,SIZE,1,39,0.053134142,0.0905729,-0.037438758,2660.4566,29.9050912,29.9050912
12-CAAL-old-growth-SD,16,S01_INDEX.1-4,yes,SIZE,1,41,0.034818586,0.11223944,-0.077420854,2660.4566,29.9050912,29.9050912
12-CAAL-old-growth-SD,16,S01_INDEX.1-4,yes,SIZE,1,43,0.045633354,0.13418472,-0.088551366,2660.4566,29.9050912,29.9050912
12-CAAL-old-growth-SD,16,S01_INDEX.1-4,yes,SIZE,1,45,0.115053654,0.15593651,-0.040882856,2660.4566,29.9050912,29.9050912
12-CAAL-old-growth-SD,16,S01_INDEX.1-4,yes,SIZE,1,47,0.099296978,0.17709199,-0.077795012,2660.4566,29.9050912,29.9050912
12-CAAL-old-growth-SD,16,S01_INDEX.1-4,yes,SIZE,1,49,0.124370566,0.19776913,-0.073398564,2660.4566,29.9050912,29.9050912
12-CAAL-old-growth-SD,16,S01_INDEX.1-4,yes,SIZE,1,51,0.140521424,0.2196335,-0.0791120760000001,2660.4566,29.9050912,29.9050912
12-CAAL-old-growth-SD,16,S01_INDEX.1-4,yes,SIZE,1,53,0.153482656,0.2420014,-0.088518744,2660.4566,29.9050912,29.9050912
12-CAAL-old-growth-SD,16,S01_INDEX.1-4,yes,SIZE,1,55,0.174514686,0.2658545,-0.091339814,2660.4566,29.9050912,29.9050912
12-CAAL-old-growth-SD,16,S01_INDEX.1-4,yes,SIZE,1,57,0.253070814,0.2915924,-0.0385215859999999,2660.4566,29.9050912,29.9050912
12-CAAL-old-growth-SD,16,S01_INDEX.1-4,yes,SIZE,1,59,0.240867842,0.3233573,-0.082489458,2660.4566,29.9050912,29.9050912
12-CAAL-old-growth-SD,16,S01_INDEX.1-4,yes,SIZE,1,61,0.368073512,0.3533131,0.0147604119999999,2660.4566,29.9050912,29.9050912
12-CAAL-old-growth-SD,16,S01_INDEX.1-4,yes,SIZE,1,63,0.390708982,0.3863951,0.00431388199999988,2660.4566,29.9050912,29.9050912
12-CAAL-old-growth-SD,16,S01_INDEX.1-4,yes,SIZE,1,65,0.44247391,0.4196745,0.02279941,2660.4566,29.9050912,29.9050912
12-CAAL-old-growth-SD,16,S01_INDEX.1-4,yes,SIZE,1,67,0.505653112,0.4505139,0.0551392119999999,2660.4566,29.9050912,29.9050912
12-CAAL-old-growth-SD,16,S01_INDEX.1-4,yes,SIZE,1,69,0.403320512,0.4801396,-0.0768190880000002,2660.4566,29.9050912,29.9050912
12-CAAL-old-growth-SD,16,S01_INDEX.1-4,yes,SIZE,1,71,0.556849242,0.5051849,0.0516643419999999,2660.4566,29.9050912,29.9050912
12-CAAL-old-growth-SD,16,S01_INDEX.1-4,yes,SIZE,1,73,0.62925283,0.525231,0.10402183,2660.4566,29.9050912,29.9050912
12-CAAL-old-growth-SD,16,S01_INDEX.1-4,yes,SIZE,1,75,0.548860742,0.5417639,0.00709684199999994,2660.4566,29.9050912,29.9050912
12-CAAL-old-growth-SD,16,S01_INDEX.1-4,yes,SIZE,1,77,0.628750242,0.5511523,0.0775979419999999,2660.4566,29.9050912,29.9050912
12-CAAL-old-growth-SD,16,S01_INDEX.1-4,yes,SIZE,1,79,0.5809534,0.5562464,0.024707,2660.4566,29.9050912,29.9050912
12-CAAL-old-growth-SD,16,S01_INDEX.1-4,yes,SIZE,1,81,0.6458996,0.5560466,0.0898530000000001,2660.4566,29.9050912,29.9050912
12-CAAL-old-growth-SD,16,S01_INDEX.1-4,yes,SIZE,1,83,0.7447953,0.5515614,0.1932339,2660.4566,29.9050912,29.9050912
12-CAAL-old-growth-SD,16,S01_INDEX.1-4,yes,SIZE,1,85,0.527859142,0.5432801,-0.0154209579999998,2660.4566,29.9050912,29.9050912
12-CAAL-old-growth-SD,16,S01_INDEX.1-4,yes,SIZE,1,87,0.530632642,0.5297628,0.000869841999999954,2660.4566,29.9050912,29.9050912
12-CAAL-old-growth-SD,16,S01_INDEX.1-4,yes,SIZE,1,89,0.489917154,0.5149508,-0.0250336460000001,2660.4566,29.9050912,29.9050912
12-CAAL-old-growth-SD,16,S01_INDEX.1-4,yes,SIZE,1,91,0.45502402,0.4978226,-0.04279858,2660.4566,29.9050912,29.9050912
12-CAAL-old-growth-SD,16,S01_INDEX.1-4,yes,SIZE,1,93,0.512618112,0.4787344,0.033883712,2660.4566,29.9050912,29.9050912
12-CAAL-old-growth-SD,16,S01_INDEX.1-4,yes,SIZE,1,95,0.482535184,0.4574264,0.0251087839999999,2660.4566,29.9050912,29.9050912
12-CAAL-old-growth-SD,16,S01_INDEX.1-4,yes,SIZE,1,97,0.358840746,0.4333384,-0.0744976540000001,2660.4566,29.9050912,29.9050912
12-CAAL-old-growth-SD,16,S01_INDEX.1-4,yes,SIZE,1,99,0.380787352,0.4103743,-0.0295869480000001,2660.4566,29.9050912,29.9050912
12-CAAL-old-growth-SD,16,S01_INDEX.1-4,yes,SIZE,1,101,0.298555974,0.3867901,-0.088234126,2660.4566,29.9050912,29.9050912
12-CAAL-old-growth-SD,16,S01_INDEX.1-4,yes,SIZE,1,103,0.226270358,0.3628471,-0.136576742,2660.4566,29.9050912,29.9050912
12-CAAL-old-growth-SD,16,S01_INDEX.1-4,yes,SIZE,1,105,0.307490036,0.3387952,-0.0313051640000001,2660.4566,29.9050912,29.9050912
12-CAAL-old-growth-SD,16,S01_INDEX.1-4,yes,SIZE,1,107,0.195851098,0.3148719,-0.119020802,2660.4566,29.9050912,29.9050912
12-CAAL-old-growth-SD,16,S01_INDEX.1-4,yes,SIZE,1,109,0.205351108,0.2912999,-0.0859487919999999,2660.4566,29.9050912,29.9050912
12-CAAL-old-growth-SD,16,S01_INDEX.1-4,yes,SIZE,1,111,0.193101448,0.268285,-0.0751835519999999,2660.4566,29.9050912,29.9050912
12-CAAL-old-growth-SD,16,S01_INDEX.1-4,yes,SIZE,1,113,0.198392916,0.24601254,-0.0476196239999999,2660.4566,29.9050912,29.9050912
12-CAAL-old-growth-SD,16,S01_INDEX.1-4,yes,SIZE,1,115,0.216241378,0.22464416,-0.00840278199999992,2660.4566,29.9050912,29.9050912
12-CAAL-old-growth-SD,16,S01_INDEX.1-4,yes,SIZE,1,117,0.206606408,0.2043155,0.00229090800000009,2660.4566,29.9050912,29.9050912
12-CAAL-old-growth-SD,16,S01_INDEX.1-4,yes,SIZE,1,119,0.1609521,0.18513348,-0.0241813799999999,2660.4566,29.9050912,29.9050912
12-CAAL-old-growth-SD,16,S01_INDEX.1-4,yes,SIZE,1,121,0.13685229,0.1671763,-0.03032401,2660.4566,29.9050912,29.9050912
12-CAAL-old-growth-SD,16,S01_INDEX.1-4,yes,SIZE,1,123,0.08310311,0.15052487,-0.0674217600000001,2660.4566,29.9050912,29.9050912
12-CAAL-old-growth-SD,16,S01_INDEX.1-4,yes,SIZE,1,125,0.140107218,0.13535551,0.00475170799999997,2660.4566,29.9050912,29.9050912
12-CAAL-old-growth-SD,16,S01_INDEX.1-4,yes,SIZE,1,127,0.07488134,0.12164889,-0.04676755,2660.4566,29.9050912,29.9050912
12-CAAL-old-growth-SD,16,S01_INDEX.1-4,yes,SIZE,1,129,0.084010144,0.10930698,-0.025296836,2660.4566,29.9050912,29.9050912
12-CAAL-old-growth-SD,16,S01_INDEX.1-4,yes,SIZE,1,131,0.10192673,0.09822494,0.00370178999999997,2660.4566,29.9050912,29.9050912
12-CAAL-old-growth-SD,16,S01_INDEX.1-4,yes,SIZE,1,133,0.115067384,0.08830067,0.0267667139999999,2660.4566,29.9050912,29.9050912
12-CAAL-old-growth-SD,16,S01_INDEX.1-4,yes,SIZE,1,135,0.061644408,0.07943545,-0.017791042,2660.4566,29.9050912,29.9050912
12-CAAL-old-growth-SD,16,S01_INDEX.1-4,yes,SIZE,1,137,0.037529284,0.07153492,-0.034005636,2660.4566,29.9050912,29.9050912
12-CAAL-old-growth-SD,16,S01_INDEX.1-4,yes,SIZE,1,139,0.0977321619999999,0.10725979,-0.00952762800000005,2660.4566,29.9050912,29.9050912
12-CAAL-old-growth-SD,16,S01_INDEX.1-4,yes,SIZE,1,143,0.06911088,0.08374899,-0.01463811,2660.4566,29.9050912,29.9050912
12-CAAL-old-growth-SD,16,S01_INDEX.1-4,yes,SIZE,1,147,0.036738068,0.06681939,-0.030081322,2660.4566,29.9050912,29.9050912
12-CAAL-old-growth-SD,16,S01_INDEX.1-4,yes,SIZE,1,151,0.06453639,0.05392856,0.01060783,2660.4566,29.9050912,29.9050912
12-CAAL-old-growth-SD,16,S01_INDEX.1-4,yes,SIZE,1,155,0.040453352,0.0433549,-0.002901548,2660.4566,29.9050912,29.9050912
12-CAAL-old-growth-SD,16,S01_INDEX.1-4,yes,SIZE,1,159,0.041563408,0.03583954,0.00572386800000001,2660.4566,29.9050912,29.9050912
12-CAAL-old-growth-SD,16,S01_INDEX.1-4,yes,SIZE,1,163,0.045817564,0.03036698,0.015450584,2660.4566,29.9050912,29.9050912
12-CAAL-old-growth-SD,16,S01_INDEX.1-4,yes,SIZE,1,167,0.016676256,0.02587614,-0.009199884,2660.4566,29.9050912,29.9050912
12-CAAL-old-growth-SD,16,S01_INDEX.1-4,yes,SIZE,1,171,0.016555088,0.02309398,-0.006538892,2660.4566,29.9050912,29.9050912
12-CAAL-old-growth-SD,16,S01_INDEX.1-4,yes,SIZE,1,175,0.028922674,0.02065865,0.00826402400000001,2660.4566,29.9050912,29.9050912
12-CAAL-old-growth-SD,16,S01_INDEX.1-4,yes,SIZE,1,179,0.017288132,0.01924827,-0.001960138,2660.4566,29.9050912,29.9050912
12-CAAL-old-growth-SD,16,S01_INDEX.1-4,yes,SIZE,1,183,0.015746072,0.017997827,-0.002251755,2660.4566,29.9050912,29.9050912
12-CAAL-old-growth-SD,16,S01_INDEX.1-4,yes,SIZE,1,187,0.024494012,0.017283814,0.00721019800000002,2660.4566,29.9050912,29.9050912
12-CAAL-old-growth-SD,16,S01_INDEX.1-4,yes,SIZE,1,191,0.015746072,0.016700238,-0.000954165999999999,2660.4566,29.9050912,29.9050912
12-CAAL-old-growth-SD,16,S01_INDEX.1-4,yes,SIZE,1,195,0.015525114,0.016326052,-0.000800938000000001,2660.4566,29.9050912,29.9050912
12-CAAL-old-growth-SD,16,S01_INDEX.1-4,yes,SIZE,1,199,0.015746072,0.01607501,-0.000328938000000001,2660.4566,29.9050912,29.9050912
12-CAAL-old-growth-SD,16,S01_INDEX.1-4,yes,SIZE,1,203,0.015525114,0.015876976,-0.000351862000000001,2660.4566,29.9050912,29.9050912
12-CAAL-old-growth-SD,16,S01_INDEX.1-4,yes,SIZE,1,207,0.015525114,0.015765422,-0.000240308000000002,2660.4566,29.9050912,29.9050912
12-CAAL-old-growth-SD,16,S01_INDEX.1-4,yes,SIZE,1,211,0.015714282,0.015686021,2.82610000000016e-05,2660.4566,29.9050912,29.9050912
12-CAAL-old-growth-SD,16,S01_INDEX.1-4,yes,SIZE,1,215,0.015525114,0.015625798,-0.000100684,2660.4566,29.9050912,29.9050912
12-CAAL-old-growth-SD,16,S01_INDEX.1-4,yes,SIZE,1,219,0.015525114,0.015592379,-6.72649999999987e-05,2660.4566,29.9050912,29.9050912
12-CAAL-old-growth-SD,16,S01_INDEX.1-4,yes,SIZE,1,223,0.015525114,0.015569499,-4.4385000000001e-05,2660.4566,29.9050912,29.9050912
12-CAAL-old-growth-SD,16,S01_INDEX.1-4,yes,SIZE,1,227,0.015525114,0.015553287,-2.81730000000029e-05,2660.4566,29.9050912,29.9050912
12-CAAL-old-growth-SD,16,S01_INDEX.1-4,yes,SIZE,1,231,0.015525114,0.015542774,-1.76600000000009e-05,2660.4566,29.9050912,29.9050912
12-CAAL-old-growth-SD,16,S01_INDEX.1-4,yes,SIZE,1,235,0.015525114,0.015536589,-1.14749999999986e-05,2660.4566,29.9050912,29.9050912
12-CAAL-old-growth-SD,16,S01_INDEX.1-4,yes,SIZE,1,239,0.015525114,0.01553249,-7.37600000000338e-06,2660.4566,29.9050912,29.9050912
12-CAAL-old-growth-SD,16,S01_INDEX.1-4,yes,SIZE,1,243,0.015525114,0.015529805,-4.69100000000111e-06,2660.4566,29.9050912,29.9050912
12-CAAL-old-growth-SD,16,S01_INDEX.1-4,yes,SIZE,1,247,0.015525114,0.015532672,-7.55800000000126e-06,2660.4566,29.9050912,29.9050912
